Player Name,Games Played,Goals
,7,8
Kylian Mbappe Lottin,7,8
,7,7
Lionel Messi,7,7
,6,4
Olivier Giroud,6,4
,7,4
Julián Álvarez,7,4
,3,3
Enner Valencia Lastra,3,3
,4,3
Álvaro Morata,4,3
,5,3
Marcus Rashford,5,3
,4,3
Richarlison De Andrade,4,3
,5,3
Cody Gakpo,5,3
,4,3
Bukayo Saka,4,3
,4,3
Goncalo Ramos,4,3
,5,2
Harry Kane,5,2
,3,2
Neymar Junior,3,2
,3,2
Vincent Aboubakar,3,2
,4,2
Robert Lewandowski,4,2
,3,2
Aleksandar Mitrovic,3,2
,4,2
Breel Embolo,4,2
,3,2
Salem Al Dawsari,3,2
,7,2
Andrej Kramaric,7,2
,2,2
Giorgian De Arrascaeta,2,2
"<tr class=""sts_sm-tr sts_sm-hd""><th class=""sts_sm-th"">No</th><th class=""sts_sm-th sts_sm-ply"">Team</th><th class=""sts_sm-th sts_sm-ctr"">GP</th><th class=""sts_sm-th sts_sm-ctr"">W</th><th class=""sts_sm-th sts_sm-ctr"">D</th><th class=""sts_sm-th sts_sm-ctr"">L</th><th class=""sts_sm-th sts_sm-ctr sts_sm-act"">PTS</th></tr><tr class=""sts_sm-tr""><td class=""sts_sm-td sts_sm-ctr"">1</td><td class=""sts_sm-td""><span class=""sts_sm-pl""><a class=""sts_sm-cntr"" href=""/football/teams/10811-netherlands-teamprofile"" title=""Netherlands""><img loading=""lazy"" class=""sts_sm-img lazy"" src=""data:image/svg+xml;base64,PD94bWwgdmVyc2lvbj0iMS4wIiBlbmNvZGluZz0idXRmLTgiPz4KPHN2ZyB2ZXJzaW9uPSIxLjEiIGlkPSJMYXllcl8xIiB4bWxucz0iaHR0cDovL3d3dy53My5vcmcvMjAwMC9zdmciIHhtbG5zOnhsaW5rPSJodHRwOi8vd3d3LnczLm9yZy8xOTk5L3hsaW5rIiB4PSIwcHgiIHk9IjBweCIKICAgICB2aWV3Qm94PSIwIDAgMSAxIiBzdHlsZT0iZW5hYmxlLWJhY2tncm91bmQ6bmV3IDAgMCAxIDE7IiB4bWw6c3BhY2U9InByZXNlcnZlIj4KPC9zdmc+Cg=="" data-srcset=""https://sdata.ndtv.com/sportz/Sportz/football/badges/27.png"" alt=""Netherlands"" width=""22""></a></span> <span class=""sts_sm-nm sts_sm-wd75""><a href=""/football/teams/10811-netherlands-teamprofile"" title=""Netherlands""><span class=""sts_sm-tnm"">Netherlands</span></a></span></td><td class=""sts_sm-td sts_sm-ctr"">3</td><td class=""sts_sm-td sts_sm-ctr"">2</td><td class=""sts_sm-td sts_sm-ctr"">1</td><td class=""sts_sm-td sts_sm-ctr"">0</td><td class=""sts_sm-td sts_sm-ctr sts_sm-act"">7</td></tr><tr class=""sts_sm-tr""><td class=""sts_sm-td sts_sm-ctr"">2</td><td class=""sts_sm-td""><span class=""sts_sm-pl""><a class=""sts_sm-cntr"" href=""/football/teams/109530-senegal-men-team-teamprofile"" title=""Senegal""><img loading=""lazy"" class=""sts_sm-img lazy"" src=""data:image/svg+xml;base64,PD94bWwgdmVyc2lvbj0iMS4wIiBlbmNvZGluZz0idXRmLTgiPz4KPHN2ZyB2ZXJzaW9uPSIxLjEiIGlkPSJMYXllcl8xIiB4bWxucz0iaHR0cDovL3d3dy53My5vcmcvMjAwMC9zdmciIHhtbG5zOnhsaW5rPSJodHRwOi8vd3d3LnczLm9yZy8xOTk5L3hsaW5rIiB4PSIwcHgiIHk9IjBweCIKICAgICB2aWV3Qm94PSIwIDAgMSAxIiBzdHlsZT0iZW5hYmxlLWJhY2tncm91bmQ6bmV3IDAgMCAxIDE7IiB4bWw6c3BhY2U9InByZXNlcnZlIj4KPC9zdmc+Cg=="" data-srcset=""https://sdata.ndtv.com/sportz/Sportz/football/badges/415.png"" alt=""Senegal"" width=""22""></a></span> <span class=""sts_sm-nm sts_sm-wd75""><a href=""/football/teams/109530-senegal-men-team-teamprofile"" title=""Senegal""><span class=""sts_sm-tnm"">Senegal</span></a></span></td><td class=""sts_sm-td sts_sm-ctr"">3</td><td class=""sts_sm-td sts_sm-ctr"">2</td><td class=""sts_sm-td sts_sm-ctr"">0</td><td class=""sts_sm-td sts_sm-ctr"">1</td><td class=""sts_sm-td sts_sm-ctr sts_sm-act"">6</td></tr><tr class=""sts_sm-tr""><td class=""sts_sm-td sts_sm-ctr"">3</td><td class=""sts_sm-td""><span class=""sts_sm-pl""><a class=""sts_sm-cntr"" href=""/football/teams/10788-ecuador-teamprofile"" title=""Ecuador""><img loading=""lazy"" class=""sts_sm-img lazy"" src=""data:image/svg+xml;base64,PD94bWwgdmVyc2lvbj0iMS4wIiBlbmNvZGluZz0idXRmLTgiPz4KPHN2ZyB2ZXJzaW9uPSIxLjEiIGlkPSJMYXllcl8xIiB4bWxucz0iaHR0cDovL3d3dy53My5vcmcvMjAwMC9zdmciIHhtbG5zOnhsaW5rPSJodHRwOi8vd3d3LnczLm9yZy8xOTk5L3hsaW5rIiB4PSIwcHgiIHk9IjBweCIKICAgICB2aWV3Qm94PSIwIDAgMSAxIiBzdHlsZT0iZW5hYmxlLWJhY2tncm91bmQ6bmV3IDAgMCAxIDE7IiB4bWw6c3BhY2U9InByZXNlcnZlIj4KPC9zdmc+Cg=="" data-srcset=""https://sdata.ndtv.com/sportz/Sportz/football/badges/38.png"" alt=""Ecuador"" width=""22""></a></span> <span class=""sts_sm-nm sts_sm-wd75""><a href=""/football/teams/10788-ecuador-teamprofile"" title=""Ecuador""><span class=""sts_sm-tnm"">Ecuador</span></a></span></td><td class=""sts_sm-td sts_sm-ctr"">3</td><td class=""sts_sm-td sts_sm-ctr"">1</td><td class=""sts_sm-td sts_sm-ctr"">1</td><td class=""sts_sm-td sts_sm-ctr"">1</td><td class=""sts_sm-td sts_sm-ctr sts_sm-act"">4</td></tr><tr class=""sts_sm-tr""><td class=""sts_sm-td sts_sm-ctr"">4</td><td class=""sts_sm-td""><span class=""sts_sm-pl""><a class=""sts_sm-cntr"" href=""/football/teams/117087-qatar-teamprofile"" title=""Qatar""><img loading=""lazy"" class=""sts_sm-img lazy"" src=""data:image/svg+xml;base64,PD94bWwgdmVyc2lvbj0iMS4wIiBlbmNvZGluZz0idXRmLTgiPz4KPHN2ZyB2ZXJzaW9uPSIxLjEiIGlkPSJMYXllcl8xIiB4bWxucz0iaHR0cDovL3d3dy53My5vcmcvMjAwMC9zdmciIHhtbG5zOnhsaW5rPSJodHRwOi8vd3d3LnczLm9yZy8xOTk5L3hsaW5rIiB4PSIwcHgiIHk9IjBweCIKICAgICB2aWV3Qm94PSIwIDAgMSAxIiBzdHlsZT0iZW5hYmxlLWJhY2tncm91bmQ6bmV3IDAgMCAxIDE7IiB4bWw6c3BhY2U9InByZXNlcnZlIj4KPC9zdmc+Cg=="" data-srcset=""https://sdata.ndtv.com/sportz/Sportz/football/badges/541.png"" alt=""Qatar"" width=""22""></a></span> <span class=""sts_sm-nm sts_sm-wd75""><a href=""/football/teams/117087-qatar-teamprofile"" title=""Qatar""><span class=""sts_sm-tnm"">Qatar</span></a></span></td><td class=""sts_sm-td sts_sm-ctr"">3</td><td class=""sts_sm-td sts_sm-ctr"">0</td><td class=""sts_sm-td sts_sm-ctr"">0</td><td class=""sts_sm-td sts_sm-ctr"">3</td><td class=""sts_sm-td sts_sm-ctr sts_sm-act"">0</td></tr>",,
"<a class=""sts_sm-cntr"" href=""/football/teams/10811-netherlands-teamprofile"" title=""Netherlands""><img loading=""lazy"" class=""sts_sm-img lazy"" src=""data:image/svg+xml;base64,PD94bWwgdmVyc2lvbj0iMS4wIiBlbmNvZGluZz0idXRmLTgiPz4KPHN2ZyB2ZXJzaW9uPSIxLjEiIGlkPSJMYXllcl8xIiB4bWxucz0iaHR0cDovL3d3dy53My5vcmcvMjAwMC9zdmciIHhtbG5zOnhsaW5rPSJodHRwOi8vd3d3LnczLm9yZy8xOTk5L3hsaW5rIiB4PSIwcHgiIHk9IjBweCIKICAgICB2aWV3Qm94PSIwIDAgMSAxIiBzdHlsZT0iZW5hYmxlLWJhY2tncm91bmQ6bmV3IDAgMCAxIDE7IiB4bWw6c3BhY2U9InByZXNlcnZlIj4KPC9zdmc+Cg=="" data-srcset=""https://sdata.ndtv.com/sportz/Sportz/football/badges/27.png"" alt=""Netherlands"" width=""22""></a>",,
"<img loading=""lazy"" class=""sts_sm-img lazy"" src=""data:image/svg+xml;base64,PD94bWwgdmVyc2lvbj0iMS4wIiBlbmNvZGluZz0idXRmLTgiPz4KPHN2ZyB2ZXJzaW9uPSIxLjEiIGlkPSJMYXllcl8xIiB4bWxucz0iaHR0cDovL3d3dy53My5vcmcvMjAwMC9zdmciIHhtbG5zOnhsaW5rPSJodHRwOi8vd3d3LnczLm9yZy8xOTk5L3hsaW5rIiB4PSIwcHgiIHk9IjBweCIKICAgICB2aWV3Qm94PSIwIDAgMSAxIiBzdHlsZT0iZW5hYmxlLWJhY2tncm91bmQ6bmV3IDAgMCAxIDE7IiB4bWw6c3BhY2U9InByZXNlcnZlIj4KPC9zdmc+Cg=="" data-srcset=""https://sdata.ndtv.com/sportz/Sportz/football/badges/27.png"" alt=""Netherlands"" width=""22"">",,
,3,
"<a href=""/football/teams/10811-netherlands-teamprofile"" title=""Netherlands""><span class=""sts_sm-tnm"">Netherlands</span></a>",,
"<span class=""sts_sm-tnm"">Netherlands</span>",,
Netherlands,3,
"<a class=""sts_sm-cntr"" href=""/football/teams/109530-senegal-men-team-teamprofile"" title=""Senegal""><img loading=""lazy"" class=""sts_sm-img lazy"" src=""data:image/svg+xml;base64,PD94bWwgdmVyc2lvbj0iMS4wIiBlbmNvZGluZz0idXRmLTgiPz4KPHN2ZyB2ZXJzaW9uPSIxLjEiIGlkPSJMYXllcl8xIiB4bWxucz0iaHR0cDovL3d3dy53My5vcmcvMjAwMC9zdmciIHhtbG5zOnhsaW5rPSJodHRwOi8vd3d3LnczLm9yZy8xOTk5L3hsaW5rIiB4PSIwcHgiIHk9IjBweCIKICAgICB2aWV3Qm94PSIwIDAgMSAxIiBzdHlsZT0iZW5hYmxlLWJhY2tncm91bmQ6bmV3IDAgMCAxIDE7IiB4bWw6c3BhY2U9InByZXNlcnZlIj4KPC9zdmc+Cg=="" data-srcset=""https://sdata.ndtv.com/sportz/Sportz/football/badges/415.png"" alt=""Senegal"" width=""22""></a>",,
"<img loading=""lazy"" class=""sts_sm-img lazy"" src=""data:image/svg+xml;base64,PD94bWwgdmVyc2lvbj0iMS4wIiBlbmNvZGluZz0idXRmLTgiPz4KPHN2ZyB2ZXJzaW9uPSIxLjEiIGlkPSJMYXllcl8xIiB4bWxucz0iaHR0cDovL3d3dy53My5vcmcvMjAwMC9zdmciIHhtbG5zOnhsaW5rPSJodHRwOi8vd3d3LnczLm9yZy8xOTk5L3hsaW5rIiB4PSIwcHgiIHk9IjBweCIKICAgICB2aWV3Qm94PSIwIDAgMSAxIiBzdHlsZT0iZW5hYmxlLWJhY2tncm91bmQ6bmV3IDAgMCAxIDE7IiB4bWw6c3BhY2U9InByZXNlcnZlIj4KPC9zdmc+Cg=="" data-srcset=""https://sdata.ndtv.com/sportz/Sportz/football/badges/415.png"" alt=""Senegal"" width=""22"">",,
,3,
"<a href=""/football/teams/109530-senegal-men-team-teamprofile"" title=""Senegal""><span class=""sts_sm-tnm"">Senegal</span></a>",,
"<span class=""sts_sm-tnm"">Senegal</span>",,
Senegal,3,
"<a class=""sts_sm-cntr"" href=""/football/teams/10788-ecuador-teamprofile"" title=""Ecuador""><img loading=""lazy"" class=""sts_sm-img lazy"" src=""data:image/svg+xml;base64,PD94bWwgdmVyc2lvbj0iMS4wIiBlbmNvZGluZz0idXRmLTgiPz4KPHN2ZyB2ZXJzaW9uPSIxLjEiIGlkPSJMYXllcl8xIiB4bWxucz0iaHR0cDovL3d3dy53My5vcmcvMjAwMC9zdmciIHhtbG5zOnhsaW5rPSJodHRwOi8vd3d3LnczLm9yZy8xOTk5L3hsaW5rIiB4PSIwcHgiIHk9IjBweCIKICAgICB2aWV3Qm94PSIwIDAgMSAxIiBzdHlsZT0iZW5hYmxlLWJhY2tncm91bmQ6bmV3IDAgMCAxIDE7IiB4bWw6c3BhY2U9InByZXNlcnZlIj4KPC9zdmc+Cg=="" data-srcset=""https://sdata.ndtv.com/sportz/Sportz/football/badges/38.png"" alt=""Ecuador"" width=""22""></a>",,
"<img loading=""lazy"" class=""sts_sm-img lazy"" src=""data:image/svg+xml;base64,PD94bWwgdmVyc2lvbj0iMS4wIiBlbmNvZGluZz0idXRmLTgiPz4KPHN2ZyB2ZXJzaW9uPSIxLjEiIGlkPSJMYXllcl8xIiB4bWxucz0iaHR0cDovL3d3dy53My5vcmcvMjAwMC9zdmciIHhtbG5zOnhsaW5rPSJodHRwOi8vd3d3LnczLm9yZy8xOTk5L3hsaW5rIiB4PSIwcHgiIHk9IjBweCIKICAgICB2aWV3Qm94PSIwIDAgMSAxIiBzdHlsZT0iZW5hYmxlLWJhY2tncm91bmQ6bmV3IDAgMCAxIDE7IiB4bWw6c3BhY2U9InByZXNlcnZlIj4KPC9zdmc+Cg=="" data-srcset=""https://sdata.ndtv.com/sportz/Sportz/football/badges/38.png"" alt=""Ecuador"" width=""22"">",,
,3,
"<a href=""/football/teams/10788-ecuador-teamprofile"" title=""Ecuador""><span class=""sts_sm-tnm"">Ecuador</span></a>",,
"<span class=""sts_sm-tnm"">Ecuador</span>",,
Ecuador,3,
"<a class=""sts_sm-cntr"" href=""/football/teams/117087-qatar-teamprofile"" title=""Qatar""><img loading=""lazy"" class=""sts_sm-img lazy"" src=""data:image/svg+xml;base64,PD94bWwgdmVyc2lvbj0iMS4wIiBlbmNvZGluZz0idXRmLTgiPz4KPHN2ZyB2ZXJzaW9uPSIxLjEiIGlkPSJMYXllcl8xIiB4bWxucz0iaHR0cDovL3d3dy53My5vcmcvMjAwMC9zdmciIHhtbG5zOnhsaW5rPSJodHRwOi8vd3d3LnczLm9yZy8xOTk5L3hsaW5rIiB4PSIwcHgiIHk9IjBweCIKICAgICB2aWV3Qm94PSIwIDAgMSAxIiBzdHlsZT0iZW5hYmxlLWJhY2tncm91bmQ6bmV3IDAgMCAxIDE7IiB4bWw6c3BhY2U9InByZXNlcnZlIj4KPC9zdmc+Cg=="" data-srcset=""https://sdata.ndtv.com/sportz/Sportz/football/badges/541.png"" alt=""Qatar"" width=""22""></a>",,
"<img loading=""lazy"" class=""sts_sm-img lazy"" src=""data:image/svg+xml;base64,PD94bWwgdmVyc2lvbj0iMS4wIiBlbmNvZGluZz0idXRmLTgiPz4KPHN2ZyB2ZXJzaW9uPSIxLjEiIGlkPSJMYXllcl8xIiB4bWxucz0iaHR0cDovL3d3dy53My5vcmcvMjAwMC9zdmciIHhtbG5zOnhsaW5rPSJodHRwOi8vd3d3LnczLm9yZy8xOTk5L3hsaW5rIiB4PSIwcHgiIHk9IjBweCIKICAgICB2aWV3Qm94PSIwIDAgMSAxIiBzdHlsZT0iZW5hYmxlLWJhY2tncm91bmQ6bmV3IDAgMCAxIDE7IiB4bWw6c3BhY2U9InByZXNlcnZlIj4KPC9zdmc+Cg=="" data-srcset=""https://sdata.ndtv.com/sportz/Sportz/football/badges/541.png"" alt=""Qatar"" width=""22"">",,
,3,
"<a href=""/football/teams/117087-qatar-teamprofile"" title=""Qatar""><span class=""sts_sm-tnm"">Qatar</span></a>",,
"<span class=""sts_sm-tnm"">Qatar</span>",,
Qatar,3,
"<tr class=""sts_sm-tr sts_sm-hd""><th class=""sts_sm-th"">No</th><th class=""sts_sm-th sts_sm-ply"">Team</th><th class=""sts_sm-th sts_sm-ctr"">GP</th><th class=""sts_sm-th sts_sm-ctr"">W</th><th class=""sts_sm-th sts_sm-ctr"">D</th><th class=""sts_sm-th sts_sm-ctr"">L</th><th class=""sts_sm-th sts_sm-ctr sts_sm-act"">PTS</th></tr><tr class=""sts_sm-tr""><td class=""sts_sm-td sts_sm-ctr"">1</td><td class=""sts_sm-td""><span class=""sts_sm-pl""><a class=""sts_sm-cntr"" href="""" title=""England""><img loading=""lazy"" class=""sts_sm-img lazy"" src=""data:image/svg+xml;base64,PD94bWwgdmVyc2lvbj0iMS4wIiBlbmNvZGluZz0idXRmLTgiPz4KPHN2ZyB2ZXJzaW9uPSIxLjEiIGlkPSJMYXllcl8xIiB4bWxucz0iaHR0cDovL3d3dy53My5vcmcvMjAwMC9zdmciIHhtbG5zOnhsaW5rPSJodHRwOi8vd3d3LnczLm9yZy8xOTk5L3hsaW5rIiB4PSIwcHgiIHk9IjBweCIKICAgICB2aWV3Qm94PSIwIDAgMSAxIiBzdHlsZT0iZW5hYmxlLWJhY2tncm91bmQ6bmV3IDAgMCAxIDE7IiB4bWw6c3BhY2U9InByZXNlcnZlIj4KPC9zdmc+Cg=="" data-srcset=""https://sdata.ndtv.com/sportz/Sportz/football/badges/35.png"" alt=""England"" width=""22""></a></span> <span class=""sts_sm-nm sts_sm-wd75""><a href="""" title=""England""><span class=""sts_sm-tnm"">England</span></a></span></td><td class=""sts_sm-td sts_sm-ctr"">3</td><td class=""sts_sm-td sts_sm-ctr"">2</td><td class=""sts_sm-td sts_sm-ctr"">1</td><td class=""sts_sm-td sts_sm-ctr"">0</td><td class=""sts_sm-td sts_sm-ctr sts_sm-act"">7</td></tr><tr class=""sts_sm-tr""><td class=""sts_sm-td sts_sm-ctr"">2</td><td class=""sts_sm-td""><span class=""sts_sm-pl""><a class=""sts_sm-cntr"" href="""" title=""USA""><img loading=""lazy"" class=""sts_sm-img lazy"" src=""data:image/svg+xml;base64,PD94bWwgdmVyc2lvbj0iMS4wIiBlbmNvZGluZz0idXRmLTgiPz4KPHN2ZyB2ZXJzaW9uPSIxLjEiIGlkPSJMYXllcl8xIiB4bWxucz0iaHR0cDovL3d3dy53My5vcmcvMjAwMC9zdmciIHhtbG5zOnhsaW5rPSJodHRwOi8vd3d3LnczLm9yZy8xOTk5L3hsaW5rIiB4PSIwcHgiIHk9IjBweCIKICAgICB2aWV3Qm94PSIwIDAgMSAxIiBzdHlsZT0iZW5hYmxlLWJhY2tncm91bmQ6bmV3IDAgMCAxIDE7IiB4bWw6c3BhY2U9InByZXNlcnZlIj4KPC9zdmc+Cg=="" data-srcset=""https://sdata.ndtv.com/sportz/Sportz/football/badges/45.png"" alt=""USA"" width=""22""></a></span> <span class=""sts_sm-nm sts_sm-wd75""><a href="""" title=""USA""><span class=""sts_sm-tnm"">USA</span></a></span></td><td class=""sts_sm-td sts_sm-ctr"">3</td><td class=""sts_sm-td sts_sm-ctr"">1</td><td class=""sts_sm-td sts_sm-ctr"">2</td><td class=""sts_sm-td sts_sm-ctr"">0</td><td class=""sts_sm-td sts_sm-ctr sts_sm-act"">5</td></tr><tr class=""sts_sm-tr""><td class=""sts_sm-td sts_sm-ctr"">3</td><td class=""sts_sm-td""><span class=""sts_sm-pl""><a class=""sts_sm-cntr"" href="""" title=""IR Iran""><img loading=""lazy"" class=""sts_sm-img lazy"" src=""data:image/svg+xml;base64,PD94bWwgdmVyc2lvbj0iMS4wIiBlbmNvZGluZz0idXRmLTgiPz4KPHN2ZyB2ZXJzaW9uPSIxLjEiIGlkPSJMYXllcl8xIiB4bWxucz0iaHR0cDovL3d3dy53My5vcmcvMjAwMC9zdmciIHhtbG5zOnhsaW5rPSJodHRwOi8vd3d3LnczLm9yZy8xOTk5L3hsaW5rIiB4PSIwcHgiIHk9IjBweCIKICAgICB2aWV3Qm94PSIwIDAgMSAxIiBzdHlsZT0iZW5hYmxlLWJhY2tncm91bmQ6bmV3IDAgMCAxIDE7IiB4bWw6c3BhY2U9InByZXNlcnZlIj4KPC9zdmc+Cg=="" data-srcset=""https://sdata.ndtv.com/sportz/Sportz/football/badges/43.png"" alt=""IR Iran"" width=""22""></a></span> <span class=""sts_sm-nm sts_sm-wd75""><a href="""" title=""IR Iran""><span class=""sts_sm-tnm"">IR Iran</span></a></span></td><td class=""sts_sm-td sts_sm-ctr"">3</td><td class=""sts_sm-td sts_sm-ctr"">1</td><td class=""sts_sm-td sts_sm-ctr"">0</td><td class=""sts_sm-td sts_sm-ctr"">2</td><td class=""sts_sm-td sts_sm-ctr sts_sm-act"">3</td></tr><tr class=""sts_sm-tr""><td class=""sts_sm-td sts_sm-ctr"">4</td><td class=""sts_sm-td""><span class=""sts_sm-pl""><a class=""sts_sm-cntr"" href="""" title=""Wales""><img loading=""lazy"" class=""sts_sm-img lazy"" src=""data:image/svg+xml;base64,PD94bWwgdmVyc2lvbj0iMS4wIiBlbmNvZGluZz0idXRmLTgiPz4KPHN2ZyB2ZXJzaW9uPSIxLjEiIGlkPSJMYXllcl8xIiB4bWxucz0iaHR0cDovL3d3dy53My5vcmcvMjAwMC9zdmciIHhtbG5zOnhsaW5rPSJodHRwOi8vd3d3LnczLm9yZy8xOTk5L3hsaW5rIiB4PSIwcHgiIHk9IjBweCIKICAgICB2aWV3Qm94PSIwIDAgMSAxIiBzdHlsZT0iZW5hYmxlLWJhY2tncm91bmQ6bmV3IDAgMCAxIDE7IiB4bWw6c3BhY2U9InByZXNlcnZlIj4KPC9zdmc+Cg=="" data-srcset=""https://sdata.ndtv.com/sportz/Sportz/football/badges/457.png"" alt=""Wales"" width=""22""></a></span> <span class=""sts_sm-nm sts_sm-wd75""><a href="""" title=""Wales""><span class=""sts_sm-tnm"">Wales</span></a></span></td><td class=""sts_sm-td sts_sm-ctr"">3</td><td class=""sts_sm-td sts_sm-ctr"">0</td><td class=""sts_sm-td sts_sm-ctr"">1</td><td class=""sts_sm-td sts_sm-ctr"">2</td><td class=""sts_sm-td sts_sm-ctr sts_sm-act"">1</td></tr>",,
"<a class=""sts_sm-cntr"" href="""" title=""England""><img loading=""lazy"" class=""sts_sm-img lazy"" src=""data:image/svg+xml;base64,PD94bWwgdmVyc2lvbj0iMS4wIiBlbmNvZGluZz0idXRmLTgiPz4KPHN2ZyB2ZXJzaW9uPSIxLjEiIGlkPSJMYXllcl8xIiB4bWxucz0iaHR0cDovL3d3dy53My5vcmcvMjAwMC9zdmciIHhtbG5zOnhsaW5rPSJodHRwOi8vd3d3LnczLm9yZy8xOTk5L3hsaW5rIiB4PSIwcHgiIHk9IjBweCIKICAgICB2aWV3Qm94PSIwIDAgMSAxIiBzdHlsZT0iZW5hYmxlLWJhY2tncm91bmQ6bmV3IDAgMCAxIDE7IiB4bWw6c3BhY2U9InByZXNlcnZlIj4KPC9zdmc+Cg=="" data-srcset=""https://sdata.ndtv.com/sportz/Sportz/football/badges/35.png"" alt=""England"" width=""22""></a>",,
"<a href="""" title=""England""><span class=""sts_sm-tnm"">England</span></a>",,
"<a class=""sts_sm-cntr"" href="""" title=""USA""><img loading=""lazy"" class=""sts_sm-img lazy"" src=""data:image/svg+xml;base64,PD94bWwgdmVyc2lvbj0iMS4wIiBlbmNvZGluZz0idXRmLTgiPz4KPHN2ZyB2ZXJzaW9uPSIxLjEiIGlkPSJMYXllcl8xIiB4bWxucz0iaHR0cDovL3d3dy53My5vcmcvMjAwMC9zdmciIHhtbG5zOnhsaW5rPSJodHRwOi8vd3d3LnczLm9yZy8xOTk5L3hsaW5rIiB4PSIwcHgiIHk9IjBweCIKICAgICB2aWV3Qm94PSIwIDAgMSAxIiBzdHlsZT0iZW5hYmxlLWJhY2tncm91bmQ6bmV3IDAgMCAxIDE7IiB4bWw6c3BhY2U9InByZXNlcnZlIj4KPC9zdmc+Cg=="" data-srcset=""https://sdata.ndtv.com/sportz/Sportz/football/badges/45.png"" alt=""USA"" width=""22""></a>",,
"<a href="""" title=""USA""><span class=""sts_sm-tnm"">USA</span></a>",,
"<a class=""sts_sm-cntr"" href="""" title=""IR Iran""><img loading=""lazy"" class=""sts_sm-img lazy"" src=""data:image/svg+xml;base64,PD94bWwgdmVyc2lvbj0iMS4wIiBlbmNvZGluZz0idXRmLTgiPz4KPHN2ZyB2ZXJzaW9uPSIxLjEiIGlkPSJMYXllcl8xIiB4bWxucz0iaHR0cDovL3d3dy53My5vcmcvMjAwMC9zdmciIHhtbG5zOnhsaW5rPSJodHRwOi8vd3d3LnczLm9yZy8xOTk5L3hsaW5rIiB4PSIwcHgiIHk9IjBweCIKICAgICB2aWV3Qm94PSIwIDAgMSAxIiBzdHlsZT0iZW5hYmxlLWJhY2tncm91bmQ6bmV3IDAgMCAxIDE7IiB4bWw6c3BhY2U9InByZXNlcnZlIj4KPC9zdmc+Cg=="" data-srcset=""https://sdata.ndtv.com/sportz/Sportz/football/badges/43.png"" alt=""IR Iran"" width=""22""></a>",,
"<a href="""" title=""IR Iran""><span class=""sts_sm-tnm"">IR Iran</span></a>",,
"<a class=""sts_sm-cntr"" href="""" title=""Wales""><img loading=""lazy"" class=""sts_sm-img lazy"" src=""data:image/svg+xml;base64,PD94bWwgdmVyc2lvbj0iMS4wIiBlbmNvZGluZz0idXRmLTgiPz4KPHN2ZyB2ZXJzaW9uPSIxLjEiIGlkPSJMYXllcl8xIiB4bWxucz0iaHR0cDovL3d3dy53My5vcmcvMjAwMC9zdmciIHhtbG5zOnhsaW5rPSJodHRwOi8vd3d3LnczLm9yZy8xOTk5L3hsaW5rIiB4PSIwcHgiIHk9IjBweCIKICAgICB2aWV3Qm94PSIwIDAgMSAxIiBzdHlsZT0iZW5hYmxlLWJhY2tncm91bmQ6bmV3IDAgMCAxIDE7IiB4bWw6c3BhY2U9InByZXNlcnZlIj4KPC9zdmc+Cg=="" data-srcset=""https://sdata.ndtv.com/sportz/Sportz/football/badges/457.png"" alt=""Wales"" width=""22""></a>",,
"<a href="""" title=""Wales""><span class=""sts_sm-tnm"">Wales</span></a>",,
"<tr class=""sts_sm-tr sts_sm-hd""><th class=""sts_sm-th"">No</th><th class=""sts_sm-th sts_sm-ply"">Team</th><th class=""sts_sm-th sts_sm-ctr"">GP</th><th class=""sts_sm-th sts_sm-ctr"">W</th><th class=""sts_sm-th sts_sm-ctr"">D</th><th class=""sts_sm-th sts_sm-ctr"">L</th><th class=""sts_sm-th sts_sm-ctr sts_sm-act"">PTS</th></tr><tr class=""sts_sm-tr""><td class=""sts_sm-td sts_sm-ctr"">1</td><td class=""sts_sm-td""><span class=""sts_sm-pl""><a class=""sts_sm-cntr"" href="""" title=""Argentina""><img loading=""lazy"" class=""sts_sm-img lazy"" src=""data:image/svg+xml;base64,PD94bWwgdmVyc2lvbj0iMS4wIiBlbmNvZGluZz0idXRmLTgiPz4KPHN2ZyB2ZXJzaW9uPSIxLjEiIGlkPSJMYXllcl8xIiB4bWxucz0iaHR0cDovL3d3dy53My5vcmcvMjAwMC9zdmciIHhtbG5zOnhsaW5rPSJodHRwOi8vd3d3LnczLm9yZy8xOTk5L3hsaW5rIiB4PSIwcHgiIHk9IjBweCIKICAgICB2aWV3Qm94PSIwIDAgMSAxIiBzdHlsZT0iZW5hYmxlLWJhY2tncm91bmQ6bmV3IDAgMCAxIDE7IiB4bWw6c3BhY2U9InByZXNlcnZlIj4KPC9zdmc+Cg=="" data-srcset=""https://sdata.ndtv.com/sportz/Sportz/football/badges/41.png"" alt=""Argentina"" width=""22""></a></span> <span class=""sts_sm-nm sts_sm-wd75""><a href="""" title=""Argentina""><span class=""sts_sm-tnm"">Argentina</span></a></span></td><td class=""sts_sm-td sts_sm-ctr"">3</td><td class=""sts_sm-td sts_sm-ctr"">2</td><td class=""sts_sm-td sts_sm-ctr"">0</td><td class=""sts_sm-td sts_sm-ctr"">1</td><td class=""sts_sm-td sts_sm-ctr sts_sm-act"">6</td></tr><tr class=""sts_sm-tr""><td class=""sts_sm-td sts_sm-ctr"">2</td><td class=""sts_sm-td""><span class=""sts_sm-pl""><a class=""sts_sm-cntr"" href="""" title=""Poland""><img loading=""lazy"" class=""sts_sm-img lazy"" src=""data:image/svg+xml;base64,PD94bWwgdmVyc2lvbj0iMS4wIiBlbmNvZGluZz0idXRmLTgiPz4KPHN2ZyB2ZXJzaW9uPSIxLjEiIGlkPSJMYXllcl8xIiB4bWxucz0iaHR0cDovL3d3dy53My5vcmcvMjAwMC9zdmciIHhtbG5zOnhsaW5rPSJodHRwOi8vd3d3LnczLm9yZy8xOTk5L3hsaW5rIiB4PSIwcHgiIHk9IjBweCIKICAgICB2aWV3Qm94PSIwIDAgMSAxIiBzdHlsZT0iZW5hYmxlLWJhY2tncm91bmQ6bmV3IDAgMCAxIDE7IiB4bWw6c3BhY2U9InByZXNlcnZlIj4KPC9zdmc+Cg=="" data-srcset=""https://sdata.ndtv.com/sportz/Sportz/football/badges/452.png"" alt=""Poland"" width=""22""></a></span> <span class=""sts_sm-nm sts_sm-wd75""><a href="""" title=""Poland""><span class=""sts_sm-tnm"">Poland</span></a></span></td><td class=""sts_sm-td sts_sm-ctr"">3</td><td class=""sts_sm-td sts_sm-ctr"">1</td><td class=""sts_sm-td sts_sm-ctr"">1</td><td class=""sts_sm-td sts_sm-ctr"">1</td><td class=""sts_sm-td sts_sm-ctr sts_sm-act"">4</td></tr><tr class=""sts_sm-tr""><td class=""sts_sm-td sts_sm-ctr"">3</td><td class=""sts_sm-td""><span class=""sts_sm-pl""><a class=""sts_sm-cntr"" href="""" title=""Mexico""><img loading=""lazy"" class=""sts_sm-img lazy"" src=""data:image/svg+xml;base64,PD94bWwgdmVyc2lvbj0iMS4wIiBlbmNvZGluZz0idXRmLTgiPz4KPHN2ZyB2ZXJzaW9uPSIxLjEiIGlkPSJMYXllcl8xIiB4bWxucz0iaHR0cDovL3d3dy53My5vcmcvMjAwMC9zdmciIHhtbG5zOnhsaW5rPSJodHRwOi8vd3d3LnczLm9yZy8xOTk5L3hsaW5rIiB4PSIwcHgiIHk9IjBweCIKICAgICB2aWV3Qm94PSIwIDAgMSAxIiBzdHlsZT0iZW5hYmxlLWJhY2tncm91bmQ6bmV3IDAgMCAxIDE7IiB4bWw6c3BhY2U9InByZXNlcnZlIj4KPC9zdmc+Cg=="" data-srcset=""https://sdata.ndtv.com/sportz/Sportz/football/badges/21.png"" alt=""Mexico"" width=""22""></a></span> <span class=""sts_sm-nm sts_sm-wd75""><a href="""" title=""Mexico""><span class=""sts_sm-tnm"">Mexico</span></a></span></td><td class=""sts_sm-td sts_sm-ctr"">3</td><td class=""sts_sm-td sts_sm-ctr"">1</td><td class=""sts_sm-td sts_sm-ctr"">1</td><td class=""sts_sm-td sts_sm-ctr"">1</td><td class=""sts_sm-td sts_sm-ctr sts_sm-act"">4</td></tr><tr class=""sts_sm-tr""><td class=""sts_sm-td sts_sm-ctr"">4</td><td class=""sts_sm-td""><span class=""sts_sm-pl""><a class=""sts_sm-cntr"" href="""" title=""Saudi Arabia""><img loading=""lazy"" class=""sts_sm-img lazy"" src=""data:image/svg+xml;base64,PD94bWwgdmVyc2lvbj0iMS4wIiBlbmNvZGluZz0idXRmLTgiPz4KPHN2ZyB2ZXJzaW9uPSIxLjEiIGlkPSJMYXllcl8xIiB4bWxucz0iaHR0cDovL3d3dy53My5vcmcvMjAwMC9zdmciIHhtbG5zOnhsaW5rPSJodHRwOi8vd3d3LnczLm9yZy8xOTk5L3hsaW5rIiB4PSIwcHgiIHk9IjBweCIKICAgICB2aWV3Qm94PSIwIDAgMSAxIiBzdHlsZT0iZW5hYmxlLWJhY2tncm91bmQ6bmV3IDAgMCAxIDE7IiB4bWw6c3BhY2U9InByZXNlcnZlIj4KPC9zdmc+Cg=="" data-srcset=""https://sdata.ndtv.com/sportz/Sportz/football/badges/422.png"" alt=""Saudi Arabia"" width=""22""></a></span> <span class=""sts_sm-nm sts_sm-wd75""><a href="""" title=""Saudi Arabia""><span class=""sts_sm-tnm"">Saudi Arabia</span></a></span></td><td class=""sts_sm-td sts_sm-ctr"">3</td><td class=""sts_sm-td sts_sm-ctr"">1</td><td class=""sts_sm-td sts_sm-ctr"">0</td><td class=""sts_sm-td sts_sm-ctr"">2</td><td class=""sts_sm-td sts_sm-ctr sts_sm-act"">3</td></tr>",,
"<a class=""sts_sm-cntr"" href="""" title=""Argentina""><img loading=""lazy"" class=""sts_sm-img lazy"" src=""data:image/svg+xml;base64,PD94bWwgdmVyc2lvbj0iMS4wIiBlbmNvZGluZz0idXRmLTgiPz4KPHN2ZyB2ZXJzaW9uPSIxLjEiIGlkPSJMYXllcl8xIiB4bWxucz0iaHR0cDovL3d3dy53My5vcmcvMjAwMC9zdmciIHhtbG5zOnhsaW5rPSJodHRwOi8vd3d3LnczLm9yZy8xOTk5L3hsaW5rIiB4PSIwcHgiIHk9IjBweCIKICAgICB2aWV3Qm94PSIwIDAgMSAxIiBzdHlsZT0iZW5hYmxlLWJhY2tncm91bmQ6bmV3IDAgMCAxIDE7IiB4bWw6c3BhY2U9InByZXNlcnZlIj4KPC9zdmc+Cg=="" data-srcset=""https://sdata.ndtv.com/sportz/Sportz/football/badges/41.png"" alt=""Argentina"" width=""22""></a>",,
"<a href="""" title=""Argentina""><span class=""sts_sm-tnm"">Argentina</span></a>",,
"<a class=""sts_sm-cntr"" href="""" title=""Poland""><img loading=""lazy"" class=""sts_sm-img lazy"" src=""data:image/svg+xml;base64,PD94bWwgdmVyc2lvbj0iMS4wIiBlbmNvZGluZz0idXRmLTgiPz4KPHN2ZyB2ZXJzaW9uPSIxLjEiIGlkPSJMYXllcl8xIiB4bWxucz0iaHR0cDovL3d3dy53My5vcmcvMjAwMC9zdmciIHhtbG5zOnhsaW5rPSJodHRwOi8vd3d3LnczLm9yZy8xOTk5L3hsaW5rIiB4PSIwcHgiIHk9IjBweCIKICAgICB2aWV3Qm94PSIwIDAgMSAxIiBzdHlsZT0iZW5hYmxlLWJhY2tncm91bmQ6bmV3IDAgMCAxIDE7IiB4bWw6c3BhY2U9InByZXNlcnZlIj4KPC9zdmc+Cg=="" data-srcset=""https://sdata.ndtv.com/sportz/Sportz/football/badges/452.png"" alt=""Poland"" width=""22""></a>",,
"<a href="""" title=""Poland""><span class=""sts_sm-tnm"">Poland</span></a>",,
"<a class=""sts_sm-cntr"" href="""" title=""Mexico""><img loading=""lazy"" class=""sts_sm-img lazy"" src=""data:image/svg+xml;base64,PD94bWwgdmVyc2lvbj0iMS4wIiBlbmNvZGluZz0idXRmLTgiPz4KPHN2ZyB2ZXJzaW9uPSIxLjEiIGlkPSJMYXllcl8xIiB4bWxucz0iaHR0cDovL3d3dy53My5vcmcvMjAwMC9zdmciIHhtbG5zOnhsaW5rPSJodHRwOi8vd3d3LnczLm9yZy8xOTk5L3hsaW5rIiB4PSIwcHgiIHk9IjBweCIKICAgICB2aWV3Qm94PSIwIDAgMSAxIiBzdHlsZT0iZW5hYmxlLWJhY2tncm91bmQ6bmV3IDAgMCAxIDE7IiB4bWw6c3BhY2U9InByZXNlcnZlIj4KPC9zdmc+Cg=="" data-srcset=""https://sdata.ndtv.com/sportz/Sportz/football/badges/21.png"" alt=""Mexico"" width=""22""></a>",,
"<a href="""" title=""Mexico""><span class=""sts_sm-tnm"">Mexico</span></a>",,
"<a class=""sts_sm-cntr"" href="""" title=""Saudi Arabia""><img loading=""lazy"" class=""sts_sm-img lazy"" src=""data:image/svg+xml;base64,PD94bWwgdmVyc2lvbj0iMS4wIiBlbmNvZGluZz0idXRmLTgiPz4KPHN2ZyB2ZXJzaW9uPSIxLjEiIGlkPSJMYXllcl8xIiB4bWxucz0iaHR0cDovL3d3dy53My5vcmcvMjAwMC9zdmciIHhtbG5zOnhsaW5rPSJodHRwOi8vd3d3LnczLm9yZy8xOTk5L3hsaW5rIiB4PSIwcHgiIHk9IjBweCIKICAgICB2aWV3Qm94PSIwIDAgMSAxIiBzdHlsZT0iZW5hYmxlLWJhY2tncm91bmQ6bmV3IDAgMCAxIDE7IiB4bWw6c3BhY2U9InByZXNlcnZlIj4KPC9zdmc+Cg=="" data-srcset=""https://sdata.ndtv.com/sportz/Sportz/football/badges/422.png"" alt=""Saudi Arabia"" width=""22""></a>",,
"<a href="""" title=""Saudi Arabia""><span class=""sts_sm-tnm"">Saudi Arabia</span></a>",,
"<tr class=""sts_sm-tr sts_sm-hd""><th class=""sts_sm-th"">No</th><th class=""sts_sm-th sts_sm-ply"">Team</th><th class=""sts_sm-th sts_sm-ctr"">GP</th><th class=""sts_sm-th sts_sm-ctr"">W</th><th class=""sts_sm-th sts_sm-ctr"">D</th><th class=""sts_sm-th sts_sm-ctr"">L</th><th class=""sts_sm-th sts_sm-ctr sts_sm-act"">PTS</th></tr><tr class=""sts_sm-tr""><td class=""sts_sm-td sts_sm-ctr"">1</td><td class=""sts_sm-td""><span class=""sts_sm-pl""><a class=""sts_sm-cntr"" href="""" title=""France""><img loading=""lazy"" class=""sts_sm-img lazy"" src=""data:image/svg+xml;base64,PD94bWwgdmVyc2lvbj0iMS4wIiBlbmNvZGluZz0idXRmLTgiPz4KPHN2ZyB2ZXJzaW9uPSIxLjEiIGlkPSJMYXllcl8xIiB4bWxucz0iaHR0cDovL3d3dy53My5vcmcvMjAwMC9zdmciIHhtbG5zOnhsaW5rPSJodHRwOi8vd3d3LnczLm9yZy8xOTk5L3hsaW5rIiB4PSIwcHgiIHk9IjBweCIKICAgICB2aWV3Qm94PSIwIDAgMSAxIiBzdHlsZT0iZW5hYmxlLWJhY2tncm91bmQ6bmV3IDAgMCAxIDE7IiB4bWw6c3BhY2U9InByZXNlcnZlIj4KPC9zdmc+Cg=="" data-srcset=""https://sdata.ndtv.com/sportz/Sportz/football/badges/39.png"" alt=""France"" width=""22""></a></span> <span class=""sts_sm-nm sts_sm-wd75""><a href="""" title=""France""><span class=""sts_sm-tnm"">France</span></a></span></td><td class=""sts_sm-td sts_sm-ctr"">3</td><td class=""sts_sm-td sts_sm-ctr"">2</td><td class=""sts_sm-td sts_sm-ctr"">0</td><td class=""sts_sm-td sts_sm-ctr"">1</td><td class=""sts_sm-td sts_sm-ctr sts_sm-act"">6</td></tr><tr class=""sts_sm-tr""><td class=""sts_sm-td sts_sm-ctr"">2</td><td class=""sts_sm-td""><span class=""sts_sm-pl""><a class=""sts_sm-cntr"" href="""" title=""Australia""><img loading=""lazy"" class=""sts_sm-img lazy"" src=""data:image/svg+xml;base64,PD94bWwgdmVyc2lvbj0iMS4wIiBlbmNvZGluZz0idXRmLTgiPz4KPHN2ZyB2ZXJzaW9uPSIxLjEiIGlkPSJMYXllcl8xIiB4bWxucz0iaHR0cDovL3d3dy53My5vcmcvMjAwMC9zdmciIHhtbG5zOnhsaW5rPSJodHRwOi8vd3d3LnczLm9yZy8xOTk5L3hsaW5rIiB4PSIwcHgiIHk9IjBweCIKICAgICB2aWV3Qm94PSIwIDAgMSAxIiBzdHlsZT0iZW5hYmxlLWJhY2tncm91bmQ6bmV3IDAgMCAxIDE7IiB4bWw6c3BhY2U9InByZXNlcnZlIj4KPC9zdmc+Cg=="" data-srcset=""https://sdata.ndtv.com/sportz/Sportz/football/badges/26.png"" alt=""Australia"" width=""22""></a></span> <span class=""sts_sm-nm sts_sm-wd75""><a href="""" title=""Australia""><span class=""sts_sm-tnm"">Australia</span></a></span></td><td class=""sts_sm-td sts_sm-ctr"">3</td><td class=""sts_sm-td sts_sm-ctr"">2</td><td class=""sts_sm-td sts_sm-ctr"">0</td><td class=""sts_sm-td sts_sm-ctr"">1</td><td class=""sts_sm-td sts_sm-ctr sts_sm-act"">6</td></tr><tr class=""sts_sm-tr""><td class=""sts_sm-td sts_sm-ctr"">3</td><td class=""sts_sm-td""><span class=""sts_sm-pl""><a class=""sts_sm-cntr"" href="""" title=""Tunisia""><img loading=""lazy"" class=""sts_sm-img lazy"" src=""data:image/svg+xml;base64,PD94bWwgdmVyc2lvbj0iMS4wIiBlbmNvZGluZz0idXRmLTgiPz4KPHN2ZyB2ZXJzaW9uPSIxLjEiIGlkPSJMYXllcl8xIiB4bWxucz0iaHR0cDovL3d3dy53My5vcmcvMjAwMC9zdmciIHhtbG5zOnhsaW5rPSJodHRwOi8vd3d3LnczLm9yZy8xOTk5L3hsaW5rIiB4PSIwcHgiIHk9IjBweCIKICAgICB2aWV3Qm94PSIwIDAgMSAxIiBzdHlsZT0iZW5hYmxlLWJhY2tncm91bmQ6bmV3IDAgMCAxIDE7IiB4bWw6c3BhY2U9InByZXNlcnZlIj4KPC9zdmc+Cg=="" data-srcset=""https://sdata.ndtv.com/sportz/Sportz/football/badges/414.png"" alt=""Tunisia"" width=""22""></a></span> <span class=""sts_sm-nm sts_sm-wd75""><a href="""" title=""Tunisia""><span class=""sts_sm-tnm"">Tunisia</span></a></span></td><td class=""sts_sm-td sts_sm-ctr"">3</td><td class=""sts_sm-td sts_sm-ctr"">1</td><td class=""sts_sm-td sts_sm-ctr"">1</td><td class=""sts_sm-td sts_sm-ctr"">1</td><td class=""sts_sm-td sts_sm-ctr sts_sm-act"">4</td></tr><tr class=""sts_sm-tr""><td class=""sts_sm-td sts_sm-ctr"">4</td><td class=""sts_sm-td""><span class=""sts_sm-pl""><a class=""sts_sm-cntr"" href="""" title=""Denmark""><img loading=""lazy"" class=""sts_sm-img lazy"" src=""data:image/svg+xml;base64,PD94bWwgdmVyc2lvbj0iMS4wIiBlbmNvZGluZz0idXRmLTgiPz4KPHN2ZyB2ZXJzaW9uPSIxLjEiIGlkPSJMYXllcl8xIiB4bWxucz0iaHR0cDovL3d3dy53My5vcmcvMjAwMC9zdmciIHhtbG5zOnhsaW5rPSJodHRwOi8vd3d3LnczLm9yZy8xOTk5L3hsaW5rIiB4PSIwcHgiIHk9IjBweCIKICAgICB2aWV3Qm94PSIwIDAgMSAxIiBzdHlsZT0iZW5hYmxlLWJhY2tncm91bmQ6bmV3IDAgMCAxIDE7IiB4bWw6c3BhY2U9InByZXNlcnZlIj4KPC9zdmc+Cg=="" data-srcset=""https://sdata.ndtv.com/sportz/Sportz/football/badges/447.png"" alt=""Denmark"" width=""22""></a></span> <span class=""sts_sm-nm sts_sm-wd75""><a href="""" title=""Denmark""><span class=""sts_sm-tnm"">Denmark</span></a></span></td><td class=""sts_sm-td sts_sm-ctr"">3</td><td class=""sts_sm-td sts_sm-ctr"">0</td><td class=""sts_sm-td sts_sm-ctr"">1</td><td class=""sts_sm-td sts_sm-ctr"">2</td><td class=""sts_sm-td sts_sm-ctr sts_sm-act"">1</td></tr>",,
"<a class=""sts_sm-cntr"" href="""" title=""France""><img loading=""lazy"" class=""sts_sm-img lazy"" src=""data:image/svg+xml;base64,PD94bWwgdmVyc2lvbj0iMS4wIiBlbmNvZGluZz0idXRmLTgiPz4KPHN2ZyB2ZXJzaW9uPSIxLjEiIGlkPSJMYXllcl8xIiB4bWxucz0iaHR0cDovL3d3dy53My5vcmcvMjAwMC9zdmciIHhtbG5zOnhsaW5rPSJodHRwOi8vd3d3LnczLm9yZy8xOTk5L3hsaW5rIiB4PSIwcHgiIHk9IjBweCIKICAgICB2aWV3Qm94PSIwIDAgMSAxIiBzdHlsZT0iZW5hYmxlLWJhY2tncm91bmQ6bmV3IDAgMCAxIDE7IiB4bWw6c3BhY2U9InByZXNlcnZlIj4KPC9zdmc+Cg=="" data-srcset=""https://sdata.ndtv.com/sportz/Sportz/football/badges/39.png"" alt=""France"" width=""22""></a>",,
"<a href="""" title=""France""><span class=""sts_sm-tnm"">France</span></a>",,
"<a class=""sts_sm-cntr"" href="""" title=""Australia""><img loading=""lazy"" class=""sts_sm-img lazy"" src=""data:image/svg+xml;base64,PD94bWwgdmVyc2lvbj0iMS4wIiBlbmNvZGluZz0idXRmLTgiPz4KPHN2ZyB2ZXJzaW9uPSIxLjEiIGlkPSJMYXllcl8xIiB4bWxucz0iaHR0cDovL3d3dy53My5vcmcvMjAwMC9zdmciIHhtbG5zOnhsaW5rPSJodHRwOi8vd3d3LnczLm9yZy8xOTk5L3hsaW5rIiB4PSIwcHgiIHk9IjBweCIKICAgICB2aWV3Qm94PSIwIDAgMSAxIiBzdHlsZT0iZW5hYmxlLWJhY2tncm91bmQ6bmV3IDAgMCAxIDE7IiB4bWw6c3BhY2U9InByZXNlcnZlIj4KPC9zdmc+Cg=="" data-srcset=""https://sdata.ndtv.com/sportz/Sportz/football/badges/26.png"" alt=""Australia"" width=""22""></a>",,
"<a href="""" title=""Australia""><span class=""sts_sm-tnm"">Australia</span></a>",,
"<a class=""sts_sm-cntr"" href="""" title=""Tunisia""><img loading=""lazy"" class=""sts_sm-img lazy"" src=""data:image/svg+xml;base64,PD94bWwgdmVyc2lvbj0iMS4wIiBlbmNvZGluZz0idXRmLTgiPz4KPHN2ZyB2ZXJzaW9uPSIxLjEiIGlkPSJMYXllcl8xIiB4bWxucz0iaHR0cDovL3d3dy53My5vcmcvMjAwMC9zdmciIHhtbG5zOnhsaW5rPSJodHRwOi8vd3d3LnczLm9yZy8xOTk5L3hsaW5rIiB4PSIwcHgiIHk9IjBweCIKICAgICB2aWV3Qm94PSIwIDAgMSAxIiBzdHlsZT0iZW5hYmxlLWJhY2tncm91bmQ6bmV3IDAgMCAxIDE7IiB4bWw6c3BhY2U9InByZXNlcnZlIj4KPC9zdmc+Cg=="" data-srcset=""https://sdata.ndtv.com/sportz/Sportz/football/badges/414.png"" alt=""Tunisia"" width=""22""></a>",,
"<a href="""" title=""Tunisia""><span class=""sts_sm-tnm"">Tunisia</span></a>",,
"<a class=""sts_sm-cntr"" href="""" title=""Denmark""><img loading=""lazy"" class=""sts_sm-img lazy"" src=""data:image/svg+xml;base64,PD94bWwgdmVyc2lvbj0iMS4wIiBlbmNvZGluZz0idXRmLTgiPz4KPHN2ZyB2ZXJzaW9uPSIxLjEiIGlkPSJMYXllcl8xIiB4bWxucz0iaHR0cDovL3d3dy53My5vcmcvMjAwMC9zdmciIHhtbG5zOnhsaW5rPSJodHRwOi8vd3d3LnczLm9yZy8xOTk5L3hsaW5rIiB4PSIwcHgiIHk9IjBweCIKICAgICB2aWV3Qm94PSIwIDAgMSAxIiBzdHlsZT0iZW5hYmxlLWJhY2tncm91bmQ6bmV3IDAgMCAxIDE7IiB4bWw6c3BhY2U9InByZXNlcnZlIj4KPC9zdmc+Cg=="" data-srcset=""https://sdata.ndtv.com/sportz/Sportz/football/badges/447.png"" alt=""Denmark"" width=""22""></a>",,
"<a href="""" title=""Denmark""><span class=""sts_sm-tnm"">Denmark</span></a>",,
"<tr class=""sts_sm-tr sts_sm-hd""><th class=""sts_sm-th"">No</th><th class=""sts_sm-th sts_sm-ply"">Team</th><th class=""sts_sm-th sts_sm-ctr"">GP</th><th class=""sts_sm-th sts_sm-ctr"">W</th><th class=""sts_sm-th sts_sm-ctr"">D</th><th class=""sts_sm-th sts_sm-ctr"">L</th><th class=""sts_sm-th sts_sm-ctr sts_sm-act"">PTS</th></tr><tr class=""sts_sm-tr""><td class=""sts_sm-td sts_sm-ctr"">1</td><td class=""sts_sm-td""><span class=""sts_sm-pl""><a class=""sts_sm-cntr"" href="""" title=""Japan""><img loading=""lazy"" class=""sts_sm-img lazy"" src=""data:image/svg+xml;base64,PD94bWwgdmVyc2lvbj0iMS4wIiBlbmNvZGluZz0idXRmLTgiPz4KPHN2ZyB2ZXJzaW9uPSIxLjEiIGlkPSJMYXllcl8xIiB4bWxucz0iaHR0cDovL3d3dy53My5vcmcvMjAwMC9zdmciIHhtbG5zOnhsaW5rPSJodHRwOi8vd3d3LnczLm9yZy8xOTk5L3hsaW5rIiB4PSIwcHgiIHk9IjBweCIKICAgICB2aWV3Qm94PSIwIDAgMSAxIiBzdHlsZT0iZW5hYmxlLWJhY2tncm91bmQ6bmV3IDAgMCAxIDE7IiB4bWw6c3BhY2U9InByZXNlcnZlIj4KPC9zdmc+Cg=="" data-srcset=""https://sdata.ndtv.com/sportz/Sportz/football/badges/30.png"" alt=""Japan"" width=""22""></a></span> <span class=""sts_sm-nm sts_sm-wd75""><a href="""" title=""Japan""><span class=""sts_sm-tnm"">Japan</span></a></span></td><td class=""sts_sm-td sts_sm-ctr"">3</td><td class=""sts_sm-td sts_sm-ctr"">2</td><td class=""sts_sm-td sts_sm-ctr"">0</td><td class=""sts_sm-td sts_sm-ctr"">1</td><td class=""sts_sm-td sts_sm-ctr sts_sm-act"">6</td></tr><tr class=""sts_sm-tr""><td class=""sts_sm-td sts_sm-ctr"">2</td><td class=""sts_sm-td""><span class=""sts_sm-pl""><a class=""sts_sm-cntr"" href="""" title=""Spain""><img loading=""lazy"" class=""sts_sm-img lazy"" src=""data:image/svg+xml;base64,PD94bWwgdmVyc2lvbj0iMS4wIiBlbmNvZGluZz0idXRmLTgiPz4KPHN2ZyB2ZXJzaW9uPSIxLjEiIGlkPSJMYXllcl8xIiB4bWxucz0iaHR0cDovL3d3dy53My5vcmcvMjAwMC9zdmciIHhtbG5zOnhsaW5rPSJodHRwOi8vd3d3LnczLm9yZy8xOTk5L3hsaW5rIiB4PSIwcHgiIHk9IjBweCIKICAgICB2aWV3Qm94PSIwIDAgMSAxIiBzdHlsZT0iZW5hYmxlLWJhY2tncm91bmQ6bmV3IDAgMCAxIDE7IiB4bWw6c3BhY2U9InByZXNlcnZlIj4KPC9zdmc+Cg=="" data-srcset=""https://sdata.ndtv.com/sportz/Sportz/football/badges/28.png"" alt=""Spain"" width=""22""></a></span> <span class=""sts_sm-nm sts_sm-wd75""><a href="""" title=""Spain""><span class=""sts_sm-tnm"">Spain</span></a></span></td><td class=""sts_sm-td sts_sm-ctr"">3</td><td class=""sts_sm-td sts_sm-ctr"">1</td><td class=""sts_sm-td sts_sm-ctr"">1</td><td class=""sts_sm-td sts_sm-ctr"">1</td><td class=""sts_sm-td sts_sm-ctr sts_sm-act"">4</td></tr><tr class=""sts_sm-tr""><td class=""sts_sm-td sts_sm-ctr"">3</td><td class=""sts_sm-td""><span class=""sts_sm-pl""><a class=""sts_sm-cntr"" href="""" title=""Germany""><img loading=""lazy"" class=""sts_sm-img lazy"" src=""data:image/svg+xml;base64,PD94bWwgdmVyc2lvbj0iMS4wIiBlbmNvZGluZz0idXRmLTgiPz4KPHN2ZyB2ZXJzaW9uPSIxLjEiIGlkPSJMYXllcl8xIiB4bWxucz0iaHR0cDovL3d3dy53My5vcmcvMjAwMC9zdmciIHhtbG5zOnhsaW5rPSJodHRwOi8vd3d3LnczLm9yZy8xOTk5L3hsaW5rIiB4PSIwcHgiIHk9IjBweCIKICAgICB2aWV3Qm94PSIwIDAgMSAxIiBzdHlsZT0iZW5hYmxlLWJhY2tncm91bmQ6bmV3IDAgMCAxIDE7IiB4bWw6c3BhY2U9InByZXNlcnZlIj4KPC9zdmc+Cg=="" data-srcset=""https://sdata.ndtv.com/sportz/Sportz/football/badges/46.png"" alt=""Germany"" width=""22""></a></span> <span class=""sts_sm-nm sts_sm-wd75""><a href="""" title=""Germany""><span class=""sts_sm-tnm"">Germany</span></a></span></td><td class=""sts_sm-td sts_sm-ctr"">3</td><td class=""sts_sm-td sts_sm-ctr"">1</td><td class=""sts_sm-td sts_sm-ctr"">1</td><td class=""sts_sm-td sts_sm-ctr"">1</td><td class=""sts_sm-td sts_sm-ctr sts_sm-act"">4</td></tr><tr class=""sts_sm-tr""><td class=""sts_sm-td sts_sm-ctr"">4</td><td class=""sts_sm-td""><span class=""sts_sm-pl""><a class=""sts_sm-cntr"" href="""" title=""Costa Rica""><img loading=""lazy"" class=""sts_sm-img lazy"" src=""data:image/svg+xml;base64,PD94bWwgdmVyc2lvbj0iMS4wIiBlbmNvZGluZz0idXRmLTgiPz4KPHN2ZyB2ZXJzaW9uPSIxLjEiIGlkPSJMYXllcl8xIiB4bWxucz0iaHR0cDovL3d3dy53My5vcmcvMjAwMC9zdmciIHhtbG5zOnhsaW5rPSJodHRwOi8vd3d3LnczLm9yZy8xOTk5L3hsaW5rIiB4PSIwcHgiIHk9IjBweCIKICAgICB2aWV3Qm94PSIwIDAgMSAxIiBzdHlsZT0iZW5hYmxlLWJhY2tncm91bmQ6bmV3IDAgMCAxIDE7IiB4bWw6c3BhY2U9InByZXNlcnZlIj4KPC9zdmc+Cg=="" data-srcset=""https://sdata.ndtv.com/sportz/Sportz/football/badges/33.png"" alt=""Costa Rica"" width=""22""></a></span> <span class=""sts_sm-nm sts_sm-wd75""><a href="""" title=""Costa Rica""><span class=""sts_sm-tnm"">Costa Rica</span></a></span></td><td class=""sts_sm-td sts_sm-ctr"">3</td><td class=""sts_sm-td sts_sm-ctr"">1</td><td class=""sts_sm-td sts_sm-ctr"">0</td><td class=""sts_sm-td sts_sm-ctr"">2</td><td class=""sts_sm-td sts_sm-ctr sts_sm-act"">3</td></tr>",,
"<a class=""sts_sm-cntr"" href="""" title=""Japan""><img loading=""lazy"" class=""sts_sm-img lazy"" src=""data:image/svg+xml;base64,PD94bWwgdmVyc2lvbj0iMS4wIiBlbmNvZGluZz0idXRmLTgiPz4KPHN2ZyB2ZXJzaW9uPSIxLjEiIGlkPSJMYXllcl8xIiB4bWxucz0iaHR0cDovL3d3dy53My5vcmcvMjAwMC9zdmciIHhtbG5zOnhsaW5rPSJodHRwOi8vd3d3LnczLm9yZy8xOTk5L3hsaW5rIiB4PSIwcHgiIHk9IjBweCIKICAgICB2aWV3Qm94PSIwIDAgMSAxIiBzdHlsZT0iZW5hYmxlLWJhY2tncm91bmQ6bmV3IDAgMCAxIDE7IiB4bWw6c3BhY2U9InByZXNlcnZlIj4KPC9zdmc+Cg=="" data-srcset=""https://sdata.ndtv.com/sportz/Sportz/football/badges/30.png"" alt=""Japan"" width=""22""></a>",,
"<a href="""" title=""Japan""><span class=""sts_sm-tnm"">Japan</span></a>",,
"<a class=""sts_sm-cntr"" href="""" title=""Spain""><img loading=""lazy"" class=""sts_sm-img lazy"" src=""data:image/svg+xml;base64,PD94bWwgdmVyc2lvbj0iMS4wIiBlbmNvZGluZz0idXRmLTgiPz4KPHN2ZyB2ZXJzaW9uPSIxLjEiIGlkPSJMYXllcl8xIiB4bWxucz0iaHR0cDovL3d3dy53My5vcmcvMjAwMC9zdmciIHhtbG5zOnhsaW5rPSJodHRwOi8vd3d3LnczLm9yZy8xOTk5L3hsaW5rIiB4PSIwcHgiIHk9IjBweCIKICAgICB2aWV3Qm94PSIwIDAgMSAxIiBzdHlsZT0iZW5hYmxlLWJhY2tncm91bmQ6bmV3IDAgMCAxIDE7IiB4bWw6c3BhY2U9InByZXNlcnZlIj4KPC9zdmc+Cg=="" data-srcset=""https://sdata.ndtv.com/sportz/Sportz/football/badges/28.png"" alt=""Spain"" width=""22""></a>",,
"<a href="""" title=""Spain""><span class=""sts_sm-tnm"">Spain</span></a>",,
"<a class=""sts_sm-cntr"" href="""" title=""Germany""><img loading=""lazy"" class=""sts_sm-img lazy"" src=""data:image/svg+xml;base64,PD94bWwgdmVyc2lvbj0iMS4wIiBlbmNvZGluZz0idXRmLTgiPz4KPHN2ZyB2ZXJzaW9uPSIxLjEiIGlkPSJMYXllcl8xIiB4bWxucz0iaHR0cDovL3d3dy53My5vcmcvMjAwMC9zdmciIHhtbG5zOnhsaW5rPSJodHRwOi8vd3d3LnczLm9yZy8xOTk5L3hsaW5rIiB4PSIwcHgiIHk9IjBweCIKICAgICB2aWV3Qm94PSIwIDAgMSAxIiBzdHlsZT0iZW5hYmxlLWJhY2tncm91bmQ6bmV3IDAgMCAxIDE7IiB4bWw6c3BhY2U9InByZXNlcnZlIj4KPC9zdmc+Cg=="" data-srcset=""https://sdata.ndtv.com/sportz/Sportz/football/badges/46.png"" alt=""Germany"" width=""22""></a>",,
"<a href="""" title=""Germany""><span class=""sts_sm-tnm"">Germany</span></a>",,
"<a class=""sts_sm-cntr"" href="""" title=""Costa Rica""><img loading=""lazy"" class=""sts_sm-img lazy"" src=""data:image/svg+xml;base64,PD94bWwgdmVyc2lvbj0iMS4wIiBlbmNvZGluZz0idXRmLTgiPz4KPHN2ZyB2ZXJzaW9uPSIxLjEiIGlkPSJMYXllcl8xIiB4bWxucz0iaHR0cDovL3d3dy53My5vcmcvMjAwMC9zdmciIHhtbG5zOnhsaW5rPSJodHRwOi8vd3d3LnczLm9yZy8xOTk5L3hsaW5rIiB4PSIwcHgiIHk9IjBweCIKICAgICB2aWV3Qm94PSIwIDAgMSAxIiBzdHlsZT0iZW5hYmxlLWJhY2tncm91bmQ6bmV3IDAgMCAxIDE7IiB4bWw6c3BhY2U9InByZXNlcnZlIj4KPC9zdmc+Cg=="" data-srcset=""https://sdata.ndtv.com/sportz/Sportz/football/badges/33.png"" alt=""Costa Rica"" width=""22""></a>",,
"<a href="""" title=""Costa Rica""><span class=""sts_sm-tnm"">Costa Rica</span></a>",,
"<tr class=""sts_sm-tr sts_sm-hd""><th class=""sts_sm-th"">No</th><th class=""sts_sm-th sts_sm-ply"">Team</th><th class=""sts_sm-th sts_sm-ctr"">GP</th><th class=""sts_sm-th sts_sm-ctr"">W</th><th class=""sts_sm-th sts_sm-ctr"">D</th><th class=""sts_sm-th sts_sm-ctr"">L</th><th class=""sts_sm-th sts_sm-ctr sts_sm-act"">PTS</th></tr><tr class=""sts_sm-tr""><td class=""sts_sm-td sts_sm-ctr"">1</td><td class=""sts_sm-td""><span class=""sts_sm-pl""><a class=""sts_sm-cntr"" href="""" title=""Morocco""><img loading=""lazy"" class=""sts_sm-img lazy"" src=""data:image/svg+xml;base64,PD94bWwgdmVyc2lvbj0iMS4wIiBlbmNvZGluZz0idXRmLTgiPz4KPHN2ZyB2ZXJzaW9uPSIxLjEiIGlkPSJMYXllcl8xIiB4bWxucz0iaHR0cDovL3d3dy53My5vcmcvMjAwMC9zdmciIHhtbG5zOnhsaW5rPSJodHRwOi8vd3d3LnczLm9yZy8xOTk5L3hsaW5rIiB4PSIwcHgiIHk9IjBweCIKICAgICB2aWV3Qm94PSIwIDAgMSAxIiBzdHlsZT0iZW5hYmxlLWJhY2tncm91bmQ6bmV3IDAgMCAxIDE7IiB4bWw6c3BhY2U9InByZXNlcnZlIj4KPC9zdmc+Cg=="" data-srcset=""https://sdata.ndtv.com/sportz/Sportz/football/badges/532.png"" alt=""Morocco"" width=""22""></a></span> <span class=""sts_sm-nm sts_sm-wd75""><a href="""" title=""Morocco""><span class=""sts_sm-tnm"">Morocco</span></a></span></td><td class=""sts_sm-td sts_sm-ctr"">3</td><td class=""sts_sm-td sts_sm-ctr"">2</td><td class=""sts_sm-td sts_sm-ctr"">1</td><td class=""sts_sm-td sts_sm-ctr"">0</td><td class=""sts_sm-td sts_sm-ctr sts_sm-act"">7</td></tr><tr class=""sts_sm-tr""><td class=""sts_sm-td sts_sm-ctr"">2</td><td class=""sts_sm-td""><span class=""sts_sm-pl""><a class=""sts_sm-cntr"" href="""" title=""Croatia""><img loading=""lazy"" class=""sts_sm-img lazy"" src=""data:image/svg+xml;base64,PD94bWwgdmVyc2lvbj0iMS4wIiBlbmNvZGluZz0idXRmLTgiPz4KPHN2ZyB2ZXJzaW9uPSIxLjEiIGlkPSJMYXllcl8xIiB4bWxucz0iaHR0cDovL3d3dy53My5vcmcvMjAwMC9zdmciIHhtbG5zOnhsaW5rPSJodHRwOi8vd3d3LnczLm9yZy8xOTk5L3hsaW5rIiB4PSIwcHgiIHk9IjBweCIKICAgICB2aWV3Qm94PSIwIDAgMSAxIiBzdHlsZT0iZW5hYmxlLWJhY2tncm91bmQ6bmV3IDAgMCAxIDE7IiB4bWw6c3BhY2U9InByZXNlcnZlIj4KPC9zdmc+Cg=="" data-srcset=""https://sdata.ndtv.com/sportz/Sportz/football/badges/24.png"" alt=""Croatia"" width=""22""></a></span> <span class=""sts_sm-nm sts_sm-wd75""><a href="""" title=""Croatia""><span class=""sts_sm-tnm"">Croatia</span></a></span></td><td class=""sts_sm-td sts_sm-ctr"">3</td><td class=""sts_sm-td sts_sm-ctr"">1</td><td class=""sts_sm-td sts_sm-ctr"">2</td><td class=""sts_sm-td sts_sm-ctr"">0</td><td class=""sts_sm-td sts_sm-ctr sts_sm-act"">5</td></tr><tr class=""sts_sm-tr""><td class=""sts_sm-td sts_sm-ctr"">3</td><td class=""sts_sm-td""><span class=""sts_sm-pl""><a class=""sts_sm-cntr"" href="""" title=""Belgium""><img loading=""lazy"" class=""sts_sm-img lazy"" src=""data:image/svg+xml;base64,PD94bWwgdmVyc2lvbj0iMS4wIiBlbmNvZGluZz0idXRmLTgiPz4KPHN2ZyB2ZXJzaW9uPSIxLjEiIGlkPSJMYXllcl8xIiB4bWxucz0iaHR0cDovL3d3dy53My5vcmcvMjAwMC9zdmciIHhtbG5zOnhsaW5rPSJodHRwOi8vd3d3LnczLm9yZy8xOTk5L3hsaW5rIiB4PSIwcHgiIHk9IjBweCIKICAgICB2aWV3Qm94PSIwIDAgMSAxIiBzdHlsZT0iZW5hYmxlLWJhY2tncm91bmQ6bmV3IDAgMCAxIDE7IiB4bWw6c3BhY2U9InByZXNlcnZlIj4KPC9zdmc+Cg=="" data-srcset=""https://sdata.ndtv.com/sportz/Sportz/football/badges/51.png"" alt=""Belgium"" width=""22""></a></span> <span class=""sts_sm-nm sts_sm-wd75""><a href="""" title=""Belgium""><span class=""sts_sm-tnm"">Belgium</span></a></span></td><td class=""sts_sm-td sts_sm-ctr"">3</td><td class=""sts_sm-td sts_sm-ctr"">1</td><td class=""sts_sm-td sts_sm-ctr"">1</td><td class=""sts_sm-td sts_sm-ctr"">1</td><td class=""sts_sm-td sts_sm-ctr sts_sm-act"">4</td></tr><tr class=""sts_sm-tr""><td class=""sts_sm-td sts_sm-ctr"">4</td><td class=""sts_sm-td""><span class=""sts_sm-pl""><a class=""sts_sm-cntr"" href="""" title=""Canada""><img loading=""lazy"" class=""sts_sm-img lazy"" src=""data:image/svg+xml;base64,PD94bWwgdmVyc2lvbj0iMS4wIiBlbmNvZGluZz0idXRmLTgiPz4KPHN2ZyB2ZXJzaW9uPSIxLjEiIGlkPSJMYXllcl8xIiB4bWxucz0iaHR0cDovL3d3dy53My5vcmcvMjAwMC9zdmciIHhtbG5zOnhsaW5rPSJodHRwOi8vd3d3LnczLm9yZy8xOTk5L3hsaW5rIiB4PSIwcHgiIHk9IjBweCIKICAgICB2aWV3Qm94PSIwIDAgMSAxIiBzdHlsZT0iZW5hYmxlLWJhY2tncm91bmQ6bmV3IDAgMCAxIDE7IiB4bWw6c3BhY2U9InByZXNlcnZlIj4KPC9zdmc+Cg=="" data-srcset=""https://sdata.ndtv.com/sportz/Sportz/football/badges/434.png"" alt=""Canada"" width=""22""></a></span> <span class=""sts_sm-nm sts_sm-wd75""><a href="""" title=""Canada""><span class=""sts_sm-tnm"">Canada</span></a></span></td><td class=""sts_sm-td sts_sm-ctr"">3</td><td class=""sts_sm-td sts_sm-ctr"">0</td><td class=""sts_sm-td sts_sm-ctr"">0</td><td class=""sts_sm-td sts_sm-ctr"">3</td><td class=""sts_sm-td sts_sm-ctr sts_sm-act"">0</td></tr>",,
"<a class=""sts_sm-cntr"" href="""" title=""Morocco""><img loading=""lazy"" class=""sts_sm-img lazy"" src=""data:image/svg+xml;base64,PD94bWwgdmVyc2lvbj0iMS4wIiBlbmNvZGluZz0idXRmLTgiPz4KPHN2ZyB2ZXJzaW9uPSIxLjEiIGlkPSJMYXllcl8xIiB4bWxucz0iaHR0cDovL3d3dy53My5vcmcvMjAwMC9zdmciIHhtbG5zOnhsaW5rPSJodHRwOi8vd3d3LnczLm9yZy8xOTk5L3hsaW5rIiB4PSIwcHgiIHk9IjBweCIKICAgICB2aWV3Qm94PSIwIDAgMSAxIiBzdHlsZT0iZW5hYmxlLWJhY2tncm91bmQ6bmV3IDAgMCAxIDE7IiB4bWw6c3BhY2U9InByZXNlcnZlIj4KPC9zdmc+Cg=="" data-srcset=""https://sdata.ndtv.com/sportz/Sportz/football/badges/532.png"" alt=""Morocco"" width=""22""></a>",,
"<a href="""" title=""Morocco""><span class=""sts_sm-tnm"">Morocco</span></a>",,
"<a class=""sts_sm-cntr"" href="""" title=""Croatia""><img loading=""lazy"" class=""sts_sm-img lazy"" src=""data:image/svg+xml;base64,PD94bWwgdmVyc2lvbj0iMS4wIiBlbmNvZGluZz0idXRmLTgiPz4KPHN2ZyB2ZXJzaW9uPSIxLjEiIGlkPSJMYXllcl8xIiB4bWxucz0iaHR0cDovL3d3dy53My5vcmcvMjAwMC9zdmciIHhtbG5zOnhsaW5rPSJodHRwOi8vd3d3LnczLm9yZy8xOTk5L3hsaW5rIiB4PSIwcHgiIHk9IjBweCIKICAgICB2aWV3Qm94PSIwIDAgMSAxIiBzdHlsZT0iZW5hYmxlLWJhY2tncm91bmQ6bmV3IDAgMCAxIDE7IiB4bWw6c3BhY2U9InByZXNlcnZlIj4KPC9zdmc+Cg=="" data-srcset=""https://sdata.ndtv.com/sportz/Sportz/football/badges/24.png"" alt=""Croatia"" width=""22""></a>",,
"<a href="""" title=""Croatia""><span class=""sts_sm-tnm"">Croatia</span></a>",,
"<a class=""sts_sm-cntr"" href="""" title=""Belgium""><img loading=""lazy"" class=""sts_sm-img lazy"" src=""data:image/svg+xml;base64,PD94bWwgdmVyc2lvbj0iMS4wIiBlbmNvZGluZz0idXRmLTgiPz4KPHN2ZyB2ZXJzaW9uPSIxLjEiIGlkPSJMYXllcl8xIiB4bWxucz0iaHR0cDovL3d3dy53My5vcmcvMjAwMC9zdmciIHhtbG5zOnhsaW5rPSJodHRwOi8vd3d3LnczLm9yZy8xOTk5L3hsaW5rIiB4PSIwcHgiIHk9IjBweCIKICAgICB2aWV3Qm94PSIwIDAgMSAxIiBzdHlsZT0iZW5hYmxlLWJhY2tncm91bmQ6bmV3IDAgMCAxIDE7IiB4bWw6c3BhY2U9InByZXNlcnZlIj4KPC9zdmc+Cg=="" data-srcset=""https://sdata.ndtv.com/sportz/Sportz/football/badges/51.png"" alt=""Belgium"" width=""22""></a>",,
"<a href="""" title=""Belgium""><span class=""sts_sm-tnm"">Belgium</span></a>",,
"<a class=""sts_sm-cntr"" href="""" title=""Canada""><img loading=""lazy"" class=""sts_sm-img lazy"" src=""data:image/svg+xml;base64,PD94bWwgdmVyc2lvbj0iMS4wIiBlbmNvZGluZz0idXRmLTgiPz4KPHN2ZyB2ZXJzaW9uPSIxLjEiIGlkPSJMYXllcl8xIiB4bWxucz0iaHR0cDovL3d3dy53My5vcmcvMjAwMC9zdmciIHhtbG5zOnhsaW5rPSJodHRwOi8vd3d3LnczLm9yZy8xOTk5L3hsaW5rIiB4PSIwcHgiIHk9IjBweCIKICAgICB2aWV3Qm94PSIwIDAgMSAxIiBzdHlsZT0iZW5hYmxlLWJhY2tncm91bmQ6bmV3IDAgMCAxIDE7IiB4bWw6c3BhY2U9InByZXNlcnZlIj4KPC9zdmc+Cg=="" data-srcset=""https://sdata.ndtv.com/sportz/Sportz/football/badges/434.png"" alt=""Canada"" width=""22""></a>",,
"<a href="""" title=""Canada""><span class=""sts_sm-tnm"">Canada</span></a>",,
"<tr class=""sts_sm-tr sts_sm-hd""><th class=""sts_sm-th"">No</th><th class=""sts_sm-th sts_sm-ply"">Team</th><th class=""sts_sm-th sts_sm-ctr"">GP</th><th class=""sts_sm-th sts_sm-ctr"">W</th><th class=""sts_sm-th sts_sm-ctr"">D</th><th class=""sts_sm-th sts_sm-ctr"">L</th><th class=""sts_sm-th sts_sm-ctr sts_sm-act"">PTS</th></tr><tr class=""sts_sm-tr""><td class=""sts_sm-td sts_sm-ctr"">1</td><td class=""sts_sm-td""><span class=""sts_sm-pl""><a class=""sts_sm-cntr"" href="""" title=""Brazil""><img loading=""lazy"" class=""sts_sm-img lazy"" src=""data:image/svg+xml;base64,PD94bWwgdmVyc2lvbj0iMS4wIiBlbmNvZGluZz0idXRmLTgiPz4KPHN2ZyB2ZXJzaW9uPSIxLjEiIGlkPSJMYXllcl8xIiB4bWxucz0iaHR0cDovL3d3dy53My5vcmcvMjAwMC9zdmciIHhtbG5zOnhsaW5rPSJodHRwOi8vd3d3LnczLm9yZy8xOTk5L3hsaW5rIiB4PSIwcHgiIHk9IjBweCIKICAgICB2aWV3Qm94PSIwIDAgMSAxIiBzdHlsZT0iZW5hYmxlLWJhY2tncm91bmQ6bmV3IDAgMCAxIDE7IiB4bWw6c3BhY2U9InByZXNlcnZlIj4KPC9zdmc+Cg=="" data-srcset=""https://sdata.ndtv.com/sportz/Sportz/football/badges/22.png"" alt=""Brazil"" width=""22""></a></span> <span class=""sts_sm-nm sts_sm-wd75""><a href="""" title=""Brazil""><span class=""sts_sm-tnm"">Brazil</span></a></span></td><td class=""sts_sm-td sts_sm-ctr"">3</td><td class=""sts_sm-td sts_sm-ctr"">2</td><td class=""sts_sm-td sts_sm-ctr"">0</td><td class=""sts_sm-td sts_sm-ctr"">1</td><td class=""sts_sm-td sts_sm-ctr sts_sm-act"">6</td></tr><tr class=""sts_sm-tr""><td class=""sts_sm-td sts_sm-ctr"">2</td><td class=""sts_sm-td""><span class=""sts_sm-pl""><a class=""sts_sm-cntr"" href="""" title=""Switzerland""><img loading=""lazy"" class=""sts_sm-img lazy"" src=""data:image/svg+xml;base64,PD94bWwgdmVyc2lvbj0iMS4wIiBlbmNvZGluZz0idXRmLTgiPz4KPHN2ZyB2ZXJzaW9uPSIxLjEiIGlkPSJMYXllcl8xIiB4bWxucz0iaHR0cDovL3d3dy53My5vcmcvMjAwMC9zdmciIHhtbG5zOnhsaW5rPSJodHRwOi8vd3d3LnczLm9yZy8xOTk5L3hsaW5rIiB4PSIwcHgiIHk9IjBweCIKICAgICB2aWV3Qm94PSIwIDAgMSAxIiBzdHlsZT0iZW5hYmxlLWJhY2tncm91bmQ6bmV3IDAgMCAxIDE7IiB4bWw6c3BhY2U9InByZXNlcnZlIj4KPC9zdmc+Cg=="" data-srcset=""https://sdata.ndtv.com/sportz/Sportz/football/badges/40.png"" alt=""Switzerland"" width=""22""></a></span> <span class=""sts_sm-nm sts_sm-wd75""><a href="""" title=""Switzerland""><span class=""sts_sm-tnm"">Switzerland</span></a></span></td><td class=""sts_sm-td sts_sm-ctr"">3</td><td class=""sts_sm-td sts_sm-ctr"">2</td><td class=""sts_sm-td sts_sm-ctr"">0</td><td class=""sts_sm-td sts_sm-ctr"">1</td><td class=""sts_sm-td sts_sm-ctr sts_sm-act"">6</td></tr><tr class=""sts_sm-tr""><td class=""sts_sm-td sts_sm-ctr"">3</td><td class=""sts_sm-td""><span class=""sts_sm-pl""><a class=""sts_sm-cntr"" href="""" title=""Cameroon""><img loading=""lazy"" class=""sts_sm-img lazy"" src=""data:image/svg+xml;base64,PD94bWwgdmVyc2lvbj0iMS4wIiBlbmNvZGluZz0idXRmLTgiPz4KPHN2ZyB2ZXJzaW9uPSIxLjEiIGlkPSJMYXllcl8xIiB4bWxucz0iaHR0cDovL3d3dy53My5vcmcvMjAwMC9zdmciIHhtbG5zOnhsaW5rPSJodHRwOi8vd3d3LnczLm9yZy8xOTk5L3hsaW5rIiB4PSIwcHgiIHk9IjBweCIKICAgICB2aWV3Qm94PSIwIDAgMSAxIiBzdHlsZT0iZW5hYmxlLWJhY2tncm91bmQ6bmV3IDAgMCAxIDE7IiB4bWw6c3BhY2U9InByZXNlcnZlIj4KPC9zdmc+Cg=="" data-srcset=""https://sdata.ndtv.com/sportz/Sportz/football/badges/23.png"" alt=""Cameroon"" width=""22""></a></span> <span class=""sts_sm-nm sts_sm-wd75""><a href="""" title=""Cameroon""><span class=""sts_sm-tnm"">Cameroon</span></a></span></td><td class=""sts_sm-td sts_sm-ctr"">3</td><td class=""sts_sm-td sts_sm-ctr"">1</td><td class=""sts_sm-td sts_sm-ctr"">1</td><td class=""sts_sm-td sts_sm-ctr"">1</td><td class=""sts_sm-td sts_sm-ctr sts_sm-act"">4</td></tr><tr class=""sts_sm-tr""><td class=""sts_sm-td sts_sm-ctr"">4</td><td class=""sts_sm-td""><span class=""sts_sm-pl""><a class=""sts_sm-cntr"" href="""" title=""Serbia""><img loading=""lazy"" class=""sts_sm-img lazy"" src=""data:image/svg+xml;base64,PD94bWwgdmVyc2lvbj0iMS4wIiBlbmNvZGluZz0idXRmLTgiPz4KPHN2ZyB2ZXJzaW9uPSIxLjEiIGlkPSJMYXllcl8xIiB4bWxucz0iaHR0cDovL3d3dy53My5vcmcvMjAwMC9zdmciIHhtbG5zOnhsaW5rPSJodHRwOi8vd3d3LnczLm9yZy8xOTk5L3hsaW5rIiB4PSIwcHgiIHk9IjBweCIKICAgICB2aWV3Qm94PSIwIDAgMSAxIiBzdHlsZT0iZW5hYmxlLWJhY2tncm91bmQ6bmV3IDAgMCAxIDE7IiB4bWw6c3BhY2U9InByZXNlcnZlIj4KPC9zdmc+Cg=="" data-srcset=""https://sdata.ndtv.com/sportz/Sportz/football/badges/477.png"" alt=""Serbia"" width=""22""></a></span> <span class=""sts_sm-nm sts_sm-wd75""><a href="""" title=""Serbia""><span class=""sts_sm-tnm"">Serbia</span></a></span></td><td class=""sts_sm-td sts_sm-ctr"">3</td><td class=""sts_sm-td sts_sm-ctr"">0</td><td class=""sts_sm-td sts_sm-ctr"">1</td><td class=""sts_sm-td sts_sm-ctr"">2</td><td class=""sts_sm-td sts_sm-ctr sts_sm-act"">1</td></tr>",,
"<a class=""sts_sm-cntr"" href="""" title=""Brazil""><img loading=""lazy"" class=""sts_sm-img lazy"" src=""data:image/svg+xml;base64,PD94bWwgdmVyc2lvbj0iMS4wIiBlbmNvZGluZz0idXRmLTgiPz4KPHN2ZyB2ZXJzaW9uPSIxLjEiIGlkPSJMYXllcl8xIiB4bWxucz0iaHR0cDovL3d3dy53My5vcmcvMjAwMC9zdmciIHhtbG5zOnhsaW5rPSJodHRwOi8vd3d3LnczLm9yZy8xOTk5L3hsaW5rIiB4PSIwcHgiIHk9IjBweCIKICAgICB2aWV3Qm94PSIwIDAgMSAxIiBzdHlsZT0iZW5hYmxlLWJhY2tncm91bmQ6bmV3IDAgMCAxIDE7IiB4bWw6c3BhY2U9InByZXNlcnZlIj4KPC9zdmc+Cg=="" data-srcset=""https://sdata.ndtv.com/sportz/Sportz/football/badges/22.png"" alt=""Brazil"" width=""22""></a>",,
"<a href="""" title=""Brazil""><span class=""sts_sm-tnm"">Brazil</span></a>",,
"<a class=""sts_sm-cntr"" href="""" title=""Switzerland""><img loading=""lazy"" class=""sts_sm-img lazy"" src=""data:image/svg+xml;base64,PD94bWwgdmVyc2lvbj0iMS4wIiBlbmNvZGluZz0idXRmLTgiPz4KPHN2ZyB2ZXJzaW9uPSIxLjEiIGlkPSJMYXllcl8xIiB4bWxucz0iaHR0cDovL3d3dy53My5vcmcvMjAwMC9zdmciIHhtbG5zOnhsaW5rPSJodHRwOi8vd3d3LnczLm9yZy8xOTk5L3hsaW5rIiB4PSIwcHgiIHk9IjBweCIKICAgICB2aWV3Qm94PSIwIDAgMSAxIiBzdHlsZT0iZW5hYmxlLWJhY2tncm91bmQ6bmV3IDAgMCAxIDE7IiB4bWw6c3BhY2U9InByZXNlcnZlIj4KPC9zdmc+Cg=="" data-srcset=""https://sdata.ndtv.com/sportz/Sportz/football/badges/40.png"" alt=""Switzerland"" width=""22""></a>",,
"<a href="""" title=""Switzerland""><span class=""sts_sm-tnm"">Switzerland</span></a>",,
"<a class=""sts_sm-cntr"" href="""" title=""Cameroon""><img loading=""lazy"" class=""sts_sm-img lazy"" src=""data:image/svg+xml;base64,PD94bWwgdmVyc2lvbj0iMS4wIiBlbmNvZGluZz0idXRmLTgiPz4KPHN2ZyB2ZXJzaW9uPSIxLjEiIGlkPSJMYXllcl8xIiB4bWxucz0iaHR0cDovL3d3dy53My5vcmcvMjAwMC9zdmciIHhtbG5zOnhsaW5rPSJodHRwOi8vd3d3LnczLm9yZy8xOTk5L3hsaW5rIiB4PSIwcHgiIHk9IjBweCIKICAgICB2aWV3Qm94PSIwIDAgMSAxIiBzdHlsZT0iZW5hYmxlLWJhY2tncm91bmQ6bmV3IDAgMCAxIDE7IiB4bWw6c3BhY2U9InByZXNlcnZlIj4KPC9zdmc+Cg=="" data-srcset=""https://sdata.ndtv.com/sportz/Sportz/football/badges/23.png"" alt=""Cameroon"" width=""22""></a>",,
"<a href="""" title=""Cameroon""><span class=""sts_sm-tnm"">Cameroon</span></a>",,
"<a class=""sts_sm-cntr"" href="""" title=""Serbia""><img loading=""lazy"" class=""sts_sm-img lazy"" src=""data:image/svg+xml;base64,PD94bWwgdmVyc2lvbj0iMS4wIiBlbmNvZGluZz0idXRmLTgiPz4KPHN2ZyB2ZXJzaW9uPSIxLjEiIGlkPSJMYXllcl8xIiB4bWxucz0iaHR0cDovL3d3dy53My5vcmcvMjAwMC9zdmciIHhtbG5zOnhsaW5rPSJodHRwOi8vd3d3LnczLm9yZy8xOTk5L3hsaW5rIiB4PSIwcHgiIHk9IjBweCIKICAgICB2aWV3Qm94PSIwIDAgMSAxIiBzdHlsZT0iZW5hYmxlLWJhY2tncm91bmQ6bmV3IDAgMCAxIDE7IiB4bWw6c3BhY2U9InByZXNlcnZlIj4KPC9zdmc+Cg=="" data-srcset=""https://sdata.ndtv.com/sportz/Sportz/football/badges/477.png"" alt=""Serbia"" width=""22""></a>",,
"<a href="""" title=""Serbia""><span class=""sts_sm-tnm"">Serbia</span></a>",,
"<tr class=""sts_sm-tr sts_sm-hd""><th class=""sts_sm-th"">No</th><th class=""sts_sm-th sts_sm-ply"">Team</th><th class=""sts_sm-th sts_sm-ctr"">GP</th><th class=""sts_sm-th sts_sm-ctr"">W</th><th class=""sts_sm-th sts_sm-ctr"">D</th><th class=""sts_sm-th sts_sm-ctr"">L</th><th class=""sts_sm-th sts_sm-ctr sts_sm-act"">PTS</th></tr><tr class=""sts_sm-tr""><td class=""sts_sm-td sts_sm-ctr"">1</td><td class=""sts_sm-td""><span class=""sts_sm-pl""><a class=""sts_sm-cntr"" href="""" title=""Portugal""><img loading=""lazy"" class=""sts_sm-img lazy"" src=""data:image/svg+xml;base64,PD94bWwgdmVyc2lvbj0iMS4wIiBlbmNvZGluZz0idXRmLTgiPz4KPHN2ZyB2ZXJzaW9uPSIxLjEiIGlkPSJMYXllcl8xIiB4bWxucz0iaHR0cDovL3d3dy53My5vcmcvMjAwMC9zdmciIHhtbG5zOnhsaW5rPSJodHRwOi8vd3d3LnczLm9yZy8xOTk5L3hsaW5rIiB4PSIwcHgiIHk9IjBweCIKICAgICB2aWV3Qm94PSIwIDAgMSAxIiBzdHlsZT0iZW5hYmxlLWJhY2tncm91bmQ6bmV3IDAgMCAxIDE7IiB4bWw6c3BhY2U9InByZXNlcnZlIj4KPC9zdmc+Cg=="" data-srcset=""https://sdata.ndtv.com/sportz/Sportz/football/badges/47.png"" alt=""Portugal"" width=""22""></a></span> <span class=""sts_sm-nm sts_sm-wd75""><a href="""" title=""Portugal""><span class=""sts_sm-tnm"">Portugal</span></a></span></td><td class=""sts_sm-td sts_sm-ctr"">3</td><td class=""sts_sm-td sts_sm-ctr"">2</td><td class=""sts_sm-td sts_sm-ctr"">0</td><td class=""sts_sm-td sts_sm-ctr"">1</td><td class=""sts_sm-td sts_sm-ctr sts_sm-act"">6</td></tr><tr class=""sts_sm-tr""><td class=""sts_sm-td sts_sm-ctr"">2</td><td class=""sts_sm-td""><span class=""sts_sm-pl""><a class=""sts_sm-cntr"" href="""" title=""Korea Republic""><img loading=""lazy"" class=""sts_sm-img lazy"" src=""data:image/svg+xml;base64,PD94bWwgdmVyc2lvbj0iMS4wIiBlbmNvZGluZz0idXRmLTgiPz4KPHN2ZyB2ZXJzaW9uPSIxLjEiIGlkPSJMYXllcl8xIiB4bWxucz0iaHR0cDovL3d3dy53My5vcmcvMjAwMC9zdmciIHhtbG5zOnhsaW5rPSJodHRwOi8vd3d3LnczLm9yZy8xOTk5L3hsaW5rIiB4PSIwcHgiIHk9IjBweCIKICAgICB2aWV3Qm94PSIwIDAgMSAxIiBzdHlsZT0iZW5hYmxlLWJhY2tncm91bmQ6bmV3IDAgMCAxIDE7IiB4bWw6c3BhY2U9InByZXNlcnZlIj4KPC9zdmc+Cg=="" data-srcset=""https://sdata.ndtv.com/sportz/Sportz/football/badges/50.png"" alt=""Korea Republic"" width=""22""></a></span> <span class=""sts_sm-nm sts_sm-wd75""><a href="""" title=""Korea Republic""><span class=""sts_sm-tnm"">Korea Republic</span></a></span></td><td class=""sts_sm-td sts_sm-ctr"">3</td><td class=""sts_sm-td sts_sm-ctr"">1</td><td class=""sts_sm-td sts_sm-ctr"">1</td><td class=""sts_sm-td sts_sm-ctr"">1</td><td class=""sts_sm-td sts_sm-ctr sts_sm-act"">4</td></tr><tr class=""sts_sm-tr""><td class=""sts_sm-td sts_sm-ctr"">3</td><td class=""sts_sm-td""><span class=""sts_sm-pl""><a class=""sts_sm-cntr"" href="""" title=""Uruguay""><img loading=""lazy"" class=""sts_sm-img lazy"" src=""data:image/svg+xml;base64,PD94bWwgdmVyc2lvbj0iMS4wIiBlbmNvZGluZz0idXRmLTgiPz4KPHN2ZyB2ZXJzaW9uPSIxLjEiIGlkPSJMYXllcl8xIiB4bWxucz0iaHR0cDovL3d3dy53My5vcmcvMjAwMC9zdmciIHhtbG5zOnhsaW5rPSJodHRwOi8vd3d3LnczLm9yZy8xOTk5L3hsaW5rIiB4PSIwcHgiIHk9IjBweCIKICAgICB2aWV3Qm94PSIwIDAgMSAxIiBzdHlsZT0iZW5hYmxlLWJhY2tncm91bmQ6bmV3IDAgMCAxIDE7IiB4bWw6c3BhY2U9InByZXNlcnZlIj4KPC9zdmc+Cg=="" data-srcset=""https://sdata.ndtv.com/sportz/Sportz/football/badges/34.png"" alt=""Uruguay"" width=""22""></a></span> <span class=""sts_sm-nm sts_sm-wd75""><a href="""" title=""Uruguay""><span class=""sts_sm-tnm"">Uruguay</span></a></span></td><td class=""sts_sm-td sts_sm-ctr"">3</td><td class=""sts_sm-td sts_sm-ctr"">1</td><td class=""sts_sm-td sts_sm-ctr"">1</td><td class=""sts_sm-td sts_sm-ctr"">1</td><td class=""sts_sm-td sts_sm-ctr sts_sm-act"">4</td></tr><tr class=""sts_sm-tr""><td class=""sts_sm-td sts_sm-ctr"">4</td><td class=""sts_sm-td""><span class=""sts_sm-pl""><a class=""sts_sm-cntr"" href="""" title=""Ghana""><img loading=""lazy"" class=""sts_sm-img lazy"" src=""data:image/svg+xml;base64,PD94bWwgdmVyc2lvbj0iMS4wIiBlbmNvZGluZz0idXRmLTgiPz4KPHN2ZyB2ZXJzaW9uPSIxLjEiIGlkPSJMYXllcl8xIiB4bWxucz0iaHR0cDovL3d3dy53My5vcmcvMjAwMC9zdmciIHhtbG5zOnhsaW5rPSJodHRwOi8vd3d3LnczLm9yZy8xOTk5L3hsaW5rIiB4PSIwcHgiIHk9IjBweCIKICAgICB2aWV3Qm94PSIwIDAgMSAxIiBzdHlsZT0iZW5hYmxlLWJhY2tncm91bmQ6bmV3IDAgMCAxIDE7IiB4bWw6c3BhY2U9InByZXNlcnZlIj4KPC9zdmc+Cg=="" data-srcset=""https://sdata.ndtv.com/sportz/Sportz/football/badges/48.png"" alt=""Ghana"" width=""22""></a></span> <span class=""sts_sm-nm sts_sm-wd75""><a href="""" title=""Ghana""><span class=""sts_sm-tnm"">Ghana</span></a></span></td><td class=""sts_sm-td sts_sm-ctr"">3</td><td class=""sts_sm-td sts_sm-ctr"">1</td><td class=""sts_sm-td sts_sm-ctr"">0</td><td class=""sts_sm-td sts_sm-ctr"">2</td><td class=""sts_sm-td sts_sm-ctr sts_sm-act"">3</td></tr>",,
"<a class=""sts_sm-cntr"" href="""" title=""Portugal""><img loading=""lazy"" class=""sts_sm-img lazy"" src=""data:image/svg+xml;base64,PD94bWwgdmVyc2lvbj0iMS4wIiBlbmNvZGluZz0idXRmLTgiPz4KPHN2ZyB2ZXJzaW9uPSIxLjEiIGlkPSJMYXllcl8xIiB4bWxucz0iaHR0cDovL3d3dy53My5vcmcvMjAwMC9zdmciIHhtbG5zOnhsaW5rPSJodHRwOi8vd3d3LnczLm9yZy8xOTk5L3hsaW5rIiB4PSIwcHgiIHk9IjBweCIKICAgICB2aWV3Qm94PSIwIDAgMSAxIiBzdHlsZT0iZW5hYmxlLWJhY2tncm91bmQ6bmV3IDAgMCAxIDE7IiB4bWw6c3BhY2U9InByZXNlcnZlIj4KPC9zdmc+Cg=="" data-srcset=""https://sdata.ndtv.com/sportz/Sportz/football/badges/47.png"" alt=""Portugal"" width=""22""></a>",,
"<a href="""" title=""Portugal""><span class=""sts_sm-tnm"">Portugal</span></a>",,
"<a class=""sts_sm-cntr"" href="""" title=""Korea Republic""><img loading=""lazy"" class=""sts_sm-img lazy"" src=""data:image/svg+xml;base64,PD94bWwgdmVyc2lvbj0iMS4wIiBlbmNvZGluZz0idXRmLTgiPz4KPHN2ZyB2ZXJzaW9uPSIxLjEiIGlkPSJMYXllcl8xIiB4bWxucz0iaHR0cDovL3d3dy53My5vcmcvMjAwMC9zdmciIHhtbG5zOnhsaW5rPSJodHRwOi8vd3d3LnczLm9yZy8xOTk5L3hsaW5rIiB4PSIwcHgiIHk9IjBweCIKICAgICB2aWV3Qm94PSIwIDAgMSAxIiBzdHlsZT0iZW5hYmxlLWJhY2tncm91bmQ6bmV3IDAgMCAxIDE7IiB4bWw6c3BhY2U9InByZXNlcnZlIj4KPC9zdmc+Cg=="" data-srcset=""https://sdata.ndtv.com/sportz/Sportz/football/badges/50.png"" alt=""Korea Republic"" width=""22""></a>",,
"<a href="""" title=""Korea Republic""><span class=""sts_sm-tnm"">Korea Republic</span></a>",,
"<a class=""sts_sm-cntr"" href="""" title=""Uruguay""><img loading=""lazy"" class=""sts_sm-img lazy"" src=""data:image/svg+xml;base64,PD94bWwgdmVyc2lvbj0iMS4wIiBlbmNvZGluZz0idXRmLTgiPz4KPHN2ZyB2ZXJzaW9uPSIxLjEiIGlkPSJMYXllcl8xIiB4bWxucz0iaHR0cDovL3d3dy53My5vcmcvMjAwMC9zdmciIHhtbG5zOnhsaW5rPSJodHRwOi8vd3d3LnczLm9yZy8xOTk5L3hsaW5rIiB4PSIwcHgiIHk9IjBweCIKICAgICB2aWV3Qm94PSIwIDAgMSAxIiBzdHlsZT0iZW5hYmxlLWJhY2tncm91bmQ6bmV3IDAgMCAxIDE7IiB4bWw6c3BhY2U9InByZXNlcnZlIj4KPC9zdmc+Cg=="" data-srcset=""https://sdata.ndtv.com/sportz/Sportz/football/badges/34.png"" alt=""Uruguay"" width=""22""></a>",,
"<a href="""" title=""Uruguay""><span class=""sts_sm-tnm"">Uruguay</span></a>",,
"<a class=""sts_sm-cntr"" href="""" title=""Ghana""><img loading=""lazy"" class=""sts_sm-img lazy"" src=""data:image/svg+xml;base64,PD94bWwgdmVyc2lvbj0iMS4wIiBlbmNvZGluZz0idXRmLTgiPz4KPHN2ZyB2ZXJzaW9uPSIxLjEiIGlkPSJMYXllcl8xIiB4bWxucz0iaHR0cDovL3d3dy53My5vcmcvMjAwMC9zdmciIHhtbG5zOnhsaW5rPSJodHRwOi8vd3d3LnczLm9yZy8xOTk5L3hsaW5rIiB4PSIwcHgiIHk9IjBweCIKICAgICB2aWV3Qm94PSIwIDAgMSAxIiBzdHlsZT0iZW5hYmxlLWJhY2tncm91bmQ6bmV3IDAgMCAxIDE7IiB4bWw6c3BhY2U9InByZXNlcnZlIj4KPC9zdmc+Cg=="" data-srcset=""https://sdata.ndtv.com/sportz/Sportz/football/badges/48.png"" alt=""Ghana"" width=""22""></a>",,
"<a href="""" title=""Ghana""><span class=""sts_sm-tnm"">Ghana</span></a>",,
